x,y,z
-4.0000,-4.0000,65.5000
-3.8644,-4.0000,64.1625
-3.7288,-4.0000,62.8617
-3.5932,-4.0000,61.5977
-3.4576,-4.0000,60.3704
-3.3220,-4.0000,59.1800
-3.1864,-4.0000,58.0263
-3.0508,-4.0000,56.9094
-2.9153,-4.0000,55.8292
-2.7797,-4.0000,54.7858
-2.6441,-4.0000,53.7792
-2.5085,-4.0000,52.8094
-2.3729,-4.0000,51.8763
-2.2373,-4.0000,50.9800
-2.1017,-4.0000,50.1205
-1.9661,-4.0000,49.2978
-1.8305,-4.0000,48.5118
-1.6949,-4.0000,47.7626
-1.5593,-4.0000,47.0501
-1.4237,-4.0000,46.3745
-1.2881,-4.0000,45.7356
-1.1525,-4.0000,45.1334
-1.0169,-4.0000,44.5681
-0.8814,-4.0000,44.0395
-0.7458,-4.0000,43.5477
-0.6102,-4.0000,43.0926
-0.4746,-4.0000,42.6744
-0.3390,-4.0000,42.2929
-0.2034,-4.0000,41.9481
-0.0678,-4.0000,41.6402
0.0678,-4.0000,41.3690
0.2034,-4.0000,41.1346
0.3390,-4.0000,40.9369
0.4746,-4.0000,40.7761
0.6102,-4.0000,40.6520
0.7458,-4.0000,40.5646
0.8814,-4.0000,40.5141
1.0169,-4.0000,40.5003
1.1525,-4.0000,40.5233
1.2881,-4.0000,40.5830
1.4237,-4.0000,40.6795
1.5593,-4.0000,40.8128
1.6949,-4.0000,40.9829
1.8305,-4.0000,41.1897
1.9661,-4.0000,41.4334
2.1017,-4.0000,41.7137
2.2373,-4.0000,42.0309
2.3729,-4.0000,42.3848
2.5085,-4.0000,42.7755
2.6441,-4.0000,43.2030
2.7797,-4.0000,43.6672
2.9153,-4.0000,44.1682
3.0508,-4.0000,44.7060
3.1864,-4.0000,45.2805
3.3220,-4.0000,45.8918
3.4576,-4.0000,46.5399
3.5932,-4.0000,47.2248
3.7288,-4.0000,47.9464
3.8644,-4.0000,48.7048
4.0000,-4.0000,49.5000
-4.0000,-3.8644,63.0961
-3.8644,-3.8644,61.7585
-3.7288,-3.8644,60.4578
-3.5932,-3.8644,59.1938
-3.4576,-3.8644,57.9665
-3.3220,-3.8644,56.7761
-3.1864,-3.8644,55.6224
-3.0508,-3.8644,54.5055
-2.9153,-3.8644,53.4253
-2.7797,-3.8644,52.3819
-2.6441,-3.8644,51.3753
-2.5085,-3.8644,50.4055
-2.3729,-3.8644,49.4724
-2.2373,-3.8644,48.5761
-2.1017,-3.8644,47.7166
-1.9661,-3.8644,46.8939
-1.8305,-3.8644,46.1079
-1.6949,-3.8644,45.3587
-1.5593,-3.8644,44.6462
-1.4237,-3.8644,43.9706
-1.2881,-3.8644,43.3317
-1.1525,-3.8644,42.7295
-1.0169,-3.8644,42.1642
-0.8814,-3.8644,41.6356
-0.7458,-3.8644,41.1438
-0.6102,-3.8644,40.6887
-0.4746,-3.8644,40.2705
-0.3390,-3.8644,39.8890
-0.2034,-3.8644,39.5442
-0.0678,-3.8644,39.2363
0.0678,-3.8644,38.9651
0.2034,-3.8644,38.7307
0.3390,-3.8644,38.5330
0.4746,-3.8644,38.3722
0.6102,-3.8644,38.2481
0.7458,-3.8644,38.1607
0.8814,-3.8644,38.1102
1.0169,-3.8644,38.0964
1.1525,-3.8644,38.1194
1.2881,-3.8644,38.1791
1.4237,-3.8644,38.2756
1.5593,-3.8644,38.4089
1.6949,-3.8644,38.5790
1.8305,-3.8644,38.7858
1.9661,-3.8644,39.0294
2.1017,-3.8644,39.3098
2.2373,-3.8644,39.6270
2.3729,-3.8644,39.9809
2.5085,-3.8644,40.3716
2.6441,-3.8644,40.7991
2.7797,-3.8644,41.2633
2.9153,-3.8644,41.7643
3.0508,-3.8644,42.3021
3.1864,-3.8644,42.8766
3.3220,-3.8644,43.4879
3.4576,-3.8644,44.1360
3.5932,-3.8644,44.8209
3.7288,-3.8644,45.5425
3.8644,-3.8644,46.3009
4.0000,-3.8644,47.0961
-4.0000,-3.7288,60.7657
-3.8644,-3.7288,59.4282
-3.7288,-3.7288,58.1274
-3.5932,-3.7288,56.8634
-3.4576,-3.7288,55.6362
-3.3220,-3.7288,54.4457
-3.1864,-3.7288,53.2920
-3.0508,-3.7288,52.1751
-2.9153,-3.7288,51.0949
-2.7797,-3.7288,50.0516
-2.6441,-3.7288,49.0450
-2.5085,-3.7288,48.0751
-2.3729,-3.7288,47.1421
-2.2373,-3.7288,46.2458
-2.1017,-3.7288,45.3862
-1.9661,-3.7288,44.5635
-1.8305,-3.7288,43.7775
-1.6949,-3.7288,43.0283
-1.5593,-3.7288,42.3159
-1.4237,-3.7288,41.6402
-1.2881,-3.7288,41.0013
-1.1525,-3.7288,40.3992
-1.0169,-3.7288,39.8338
-0.8814,-3.7288,39.3052
-0.7458,-3.7288,38.8134
-0.6102,-3.7288,38.3584
-0.4746,-3.7288,37.9401
-0.3390,-3.7288,37.5586
-0.2034,-3.7288,37.2139
-0.0678,-3.7288,36.9059
0.0678,-3.7288,36.6347
0.2034,-3.7288,36.4003
0.3390,-3.7288,36.2027
0.4746,-3.7288,36.0418
0.6102,-3.7288,35.9177
0.7458,-3.7288,35.8304
0.8814,-3.7288,35.7798
1.0169,-3.7288,35.7660
1.1525,-3.7288,35.7890
1.2881,-3.7288,35.8488
1.4237,-3.7288,35.9453
1.5593,-3.7288,36.0786
1.6949,-3.7288,36.2486
1.8305,-3.7288,36.4555
1.9661,-3.7288,36.6991
2.1017,-3.7288,36.9795
2.2373,-3.7288,37.2966
2.3729,-3.7288,37.6505
2.5085,-3.7288,38.0412
2.6441,-3.7288,38.4687
2.7797,-3.7288,38.9329
2.9153,-3.7288,39.4339
3.0508,-3.7288,39.9717
3.1864,-3.7288,40.5463
3.3220,-3.7288,41.1576
3.4576,-3.7288,41.8057
3.5932,-3.7288,42.4905
3.7288,-3.7288,43.2122
3.8644,-3.7288,43.9706
4.0000,-3.7288,44.7657
-4.0000,-3.5932,58.5089
-3.8644,-3.5932,57.1714
-3.7288,-3.5932,55.8706
-3.5932,-3.5932,54.6066
-3.4576,-3.5932,53.3793
-3.3220,-3.5932,52.1889
-3.1864,-3.5932,51.0352
-3.0508,-3.5932,49.9183
-2.9153,-3.5932,48.8381
-2.7797,-3.5932,47.7947
-2.6441,-3.5932,46.7881
-2.5085,-3.5932,45.8183
-2.3729,-3.5932,44.8852
-2.2373,-3.5932,43.9889
-2.1017,-3.5932,43.1294
-1.9661,-3.5932,42.3067
-1.8305,-3.5932,41.5207
-1.6949,-3.5932,40.7715
-1.5593,-3.5932,40.0590
-1.4237,-3.5932,39.3834
-1.2881,-3.5932,38.7445
-1.1525,-3.5932,38.1423
-1.0169,-3.5932,37.5770
-0.8814,-3.5932,37.0484
-0.7458,-3.5932,36.5566
-0.6102,-3.5932,36.1016
-0.4746,-3.5932,35.6833
-0.3390,-3.5932,35.3018
-0.2034,-3.5932,34.9571
-0.0678,-3.5932,34.6491
0.0678,-3.5932,34.3779
0.2034,-3.5932,34.1435
0.3390,-3.5932,33.9458
0.4746,-3.5932,33.7850
0.6102,-3.5932,33.6609
0.7458,-3.5932,33.5735
0.8814,-3.5932,33.5230
1.0169,-3.5932,33.5092
1.1525,-3.5932,33.5322
1.2881,-3.5932,33.5919
1.4237,-3.5932,33.6885
1.5593,-3.5932,33.8217
1.6949,-3.5932,33.9918
1.8305,-3.5932,34.1986
1.9661,-3.5932,34.4423
2.1017,-3.5932,34.7226
2.2373,-3.5932,35.0398
2.3729,-3.5932,35.3937
2.5085,-3.5932,35.7844
2.6441,-3.5932,36.2119
2.7797,-3.5932,36.6761
2.9153,-3.5932,37.1771
3.0508,-3.5932,37.7149
3.1864,-3.5932,38.2894
3.3220,-3.5932,38.9007
3.4576,-3.5932,39.5488
3.5932,-3.5932,40.2337
3.7288,-3.5932,40.9553
3.8644,-3.5932,41.7137
4.0000,-3.5932,42.5089
-4.0000,-3.4576,56.3256
-3.8644,-3.4576,54.9881
-3.7288,-3.4576,53.6873
-3.5932,-3.4576,52.4233
-3.4576,-3.4576,51.1961
-3.3220,-3.4576,50.0056
-3.1864,-3.4576,48.8519
-3.0508,-3.4576,47.7350
-2.9153,-3.4576,46.6548
-2.7797,-3.4576,45.6115
-2.6441,-3.4576,44.6049
-2.5085,-3.4576,43.6350
-2.3729,-3.4576,42.7020
-2.2373,-3.4576,41.8057
-2.1017,-3.4576,40.9461
-1.9661,-3.4576,40.1234
-1.8305,-3.4576,39.3374
-1.6949,-3.4576,38.5882
-1.5593,-3.4576,37.8758
-1.4237,-3.4576,37.2001
-1.2881,-3.4576,36.5612
-1.1525,-3.4576,35.9591
-1.0169,-3.4576,35.3937
-0.8814,-3.4576,34.8651
-0.7458,-3.4576,34.3733
-0.6102,-3.4576,33.9183
-0.4746,-3.4576,33.5000
-0.3390,-3.4576,33.1185
-0.2034,-3.4576,32.7738
-0.0678,-3.4576,32.4658
0.0678,-3.4576,32.1946
0.2034,-3.4576,31.9602
0.3390,-3.4576,31.7626
0.4746,-3.4576,31.6017
0.6102,-3.4576,31.4776
0.7458,-3.4576,31.3903
0.8814,-3.4576,31.3397
1.0169,-3.4576,31.3259
1.1525,-3.4576,31.3489
1.2881,-3.4576,31.4086
1.4237,-3.4576,31.5052
1.5593,-3.4576,31.6385
1.6949,-3.4576,31.8085
1.8305,-3.4576,32.0154
1.9661,-3.4576,32.2590
2.1017,-3.4576,32.5394
2.2373,-3.4576,32.8565
2.3729,-3.4576,33.2104
2.5085,-3.4576,33.6011
2.6441,-3.4576,34.0286
2.7797,-3.4576,34.4928
2.9153,-3.4576,34.9938
3.0508,-3.4576,35.5316
3.1864,-3.4576,36.1061
3.3220,-3.4576,36.7175
3.4576,-3.4576,37.3656
3.5932,-3.4576,38.0504
3.7288,-3.4576,38.7720
3.8644,-3.4576,39.5305
4.0000,-3.4576,40.3256
-4.0000,-3.3220,54.2159
-3.8644,-3.3220,52.8783
-3.7288,-3.3220,51.5776
-3.5932,-3.3220,50.3136
-3.4576,-3.3220,49.0863
-3.3220,-3.3220,47.8959
-3.1864,-3.3220,46.7422
-3.0508,-3.3220,45.6253
-2.9153,-3.3220,44.5451
-2.7797,-3.3220,43.5017
-2.6441,-3.3220,42.4951
-2.5085,-3.3220,41.5253
-2.3729,-3.3220,40.5922
-2.2373,-3.3220,39.6959
-2.1017,-3.3220,38.8364
-1.9661,-3.3220,38.0136
-1.8305,-3.3220,37.2277
-1.6949,-3.3220,36.4785
-1.5593,-3.3220,35.7660
-1.4237,-3.3220,35.0903
-1.2881,-3.3220,34.4515
-1.1525,-3.3220,33.8493
-1.0169,-3.3220,33.2840
-0.8814,-3.3220,32.7554
-0.7458,-3.3220,32.2636
-0.6102,-3.3220,31.8085
-0.4746,-3.3220,31.3903
-0.3390,-3.3220,31.0088
-0.2034,-3.3220,30.6640
-0.0678,-3.3220,30.3561
0.0678,-3.3220,30.0849
0.2034,-3.3220,29.8505
0.3390,-3.3220,29.6528
0.4746,-3.3220,29.4920
0.6102,-3.3220,29.3679
0.7458,-3.3220,29.2805
0.8814,-3.3220,29.2300
1.0169,-3.3220,29.2162
1.1525,-3.3220,29.2392
1.2881,-3.3220,29.2989
1.4237,-3.3220,29.3954
1.5593,-3.3220,29.5287
1.6949,-3.3220,29.6988
1.8305,-3.3220,29.9056
1.9661,-3.3220,30.1492
2.1017,-3.3220,30.4296
2.2373,-3.3220,30.7468
2.3729,-3.3220,31.1007
2.5085,-3.3220,31.4914
2.6441,-3.3220,31.9188
2.7797,-3.3220,32.3831
2.9153,-3.3220,32.8841
3.0508,-3.3220,33.4219
3.1864,-3.3220,33.9964
3.3220,-3.3220,34.6077
3.4576,-3.3220,35.2558
3.5932,-3.3220,35.9407
3.7288,-3.3220,36.6623
3.8644,-3.3220,37.4207
4.0000,-3.3220,38.2159
-4.0000,-3.1864,52.1797
-3.8644,-3.1864,50.8421
-3.7288,-3.1864,49.5414
-3.5932,-3.1864,48.2774
-3.4576,-3.1864,47.0501
-3.3220,-3.1864,45.8597
-3.1864,-3.1864,44.7060
-3.0508,-3.1864,43.5891
-2.9153,-3.1864,42.5089
-2.7797,-3.1864,41.4655
-2.6441,-3.1864,40.4589
-2.5085,-3.1864,39.4891
-2.3729,-3.1864,38.5560
-2.2373,-3.1864,37.6597
-2.1017,-3.1864,36.8002
-1.9661,-3.1864,35.9774
-1.8305,-3.1864,35.1915
-1.6949,-3.1864,34.4423
-1.5593,-3.1864,33.7298
-1.4237,-3.1864,33.0542
-1.2881,-3.1864,32.4153
-1.1525,-3.1864,31.8131
-1.0169,-3.1864,31.2478
-0.8814,-3.1864,30.7192
-0.7458,-3.1864,30.2274
-0.6102,-3.1864,29.7723
-0.4746,-3.1864,29.3541
-0.3390,-3.1864,28.9726
-0.2034,-3.1864,28.6278
-0.0678,-3.1864,28.3199
0.0678,-3.1864,28.0487
0.2034,-3.1864,27.8143
0.3390,-3.1864,27.6166
0.4746,-3.1864,27.4558
0.6102,-3.1864,27.3317
0.7458,-3.1864,27.2443
0.8814,-3.1864,27.1938
1.0169,-3.1864,27.1800
1.1525,-3.1864,27.2030
1.2881,-3.1864,27.2627
1.4237,-3.1864,27.3592
1.5593,-3.1864,27.4925
1.6949,-3.1864,27.6626
1.8305,-3.1864,27.8694
1.9661,-3.1864,28.1130
2.1017,-3.1864,28.3934
2.2373,-3.1864,28.7106
2.3729,-3.1864,29.0645
2.5085,-3.1864,29.4552
2.6441,-3.1864,29.8826
2.7797,-3.1864,30.3469
2.9153,-3.1864,30.8479
3.0508,-3.1864,31.3857
3.1864,-3.1864,31.9602
3.3220,-3.1864,32.5715
3.4576,-3.1864,33.2196
3.5932,-3.1864,33.9045
3.7288,-3.1864,34.6261
3.8644,-3.1864,35.3845
4.0000,-3.1864,36.1797
-4.0000,-3.0508,50.2170
-3.8644,-3.0508,48.8795
-3.7288,-3.0508,47.5787
-3.5932,-3.0508,46.3147
-3.4576,-3.0508,45.0875
-3.3220,-3.0508,43.8970
-3.1864,-3.0508,42.7433
-3.0508,-3.0508,41.6264
-2.9153,-3.0508,40.5463
-2.7797,-3.0508,39.5029
-2.6441,-3.0508,38.4963
-2.5085,-3.0508,37.5264
-2.3729,-3.0508,36.5934
-2.2373,-3.0508,35.6971
-2.1017,-3.0508,34.8375
-1.9661,-3.0508,34.0148
-1.8305,-3.0508,33.2288
-1.6949,-3.0508,32.4796
-1.5593,-3.0508,31.7672
-1.4237,-3.0508,31.0915
-1.2881,-3.0508,30.4526
-1.1525,-3.0508,29.8505
-1.0169,-3.0508,29.2851
-0.8814,-3.0508,28.7565
-0.7458,-3.0508,28.2647
-0.6102,-3.0508,27.8097
-0.4746,-3.0508,27.3914
-0.3390,-3.0508,27.0099
-0.2034,-3.0508,26.6652
-0.0678,-3.0508,26.3572
0.0678,-3.0508,26.0860
0.2034,-3.0508,25.8516
0.3390,-3.0508,25.6540
0.4746,-3.0508,25.4931
0.6102,-3.0508,25.3690
0.7458,-3.0508,25.2817
0.8814,-3.0508,25.2311
1.0169,-3.0508,25.2173
1.1525,-3.0508,25.2403
1.2881,-3.0508,25.3001
1.4237,-3.0508,25.3966
1.5593,-3.0508,25.5299
1.6949,-3.0508,25.6999
1.8305,-3.0508,25.9068
1.9661,-3.0508,26.1504
2.1017,-3.0508,26.4308
2.2373,-3.0508,26.7479
2.3729,-3.0508,27.1018
2.5085,-3.0508,27.4925
2.6441,-3.0508,27.9200
2.7797,-3.0508,28.3842
2.9153,-3.0508,28.8852
3.0508,-3.0508,29.4230
3.1864,-3.0508,29.9976
3.3220,-3.0508,30.6089
3.4576,-3.0508,31.2570
3.5932,-3.0508,31.9418
3.7288,-3.0508,32.6635
3.8644,-3.0508,33.4219
4.0000,-3.0508,34.2170
-4.0000,-2.9153,48.3279
-3.8644,-2.9153,46.9904
-3.7288,-2.9153,45.6896
-3.5932,-2.9153,44.4256
-3.4576,-2.9153,43.1984
-3.3220,-2.9153,42.0079
-3.1864,-2.9153,40.8542
-3.0508,-2.9153,39.7373
-2.9153,-2.9153,38.6571
-2.7797,-2.9153,37.6138
-2.6441,-2.9153,36.6072
-2.5085,-2.9153,35.6373
-2.3729,-2.9153,34.7043
-2.2373,-2.9153,33.8080
-2.1017,-2.9153,32.9484
-1.9661,-2.9153,32.1257
-1.8305,-2.9153,31.3397
-1.6949,-2.9153,30.5905
-1.5593,-2.9153,29.8781
-1.4237,-2.9153,29.2024
-1.2881,-2.9153,28.5635
-1.1525,-2.9153,27.9614
-1.0169,-2.9153,27.3960
-0.8814,-2.9153,26.8674
-0.7458,-2.9153,26.3756
-0.6102,-2.9153,25.9206
-0.4746,-2.9153,25.5023
-0.3390,-2.9153,25.1208
-0.2034,-2.9153,24.7761
-0.0678,-2.9153,24.4681
0.0678,-2.9153,24.1969
0.2034,-2.9153,23.9625
0.3390,-2.9153,23.7649
0.4746,-2.9153,23.6040
0.6102,-2.9153,23.4799
0.7458,-2.9153,23.3926
0.8814,-2.9153,23.3420
1.0169,-2.9153,23.3282
1.1525,-2.9153,23.3512
1.2881,-2.9153,23.4109
1.4237,-2.9153,23.5075
1.5593,-2.9153,23.6408
1.6949,-2.9153,23.8108
1.8305,-2.9153,24.0177
1.9661,-2.9153,24.2613
2.1017,-2.9153,24.5417
2.2373,-2.9153,24.8588
2.3729,-2.9153,25.2127
2.5085,-2.9153,25.6034
2.6441,-2.9153,26.0309
2.7797,-2.9153,26.4951
2.9153,-2.9153,26.9961
3.0508,-2.9153,27.5339
3.1864,-2.9153,28.1084
3.3220,-2.9153,28.7198
3.4576,-2.9153,29.3679
3.5932,-2.9153,30.0527
3.7288,-2.9153,30.7743
3.8644,-2.9153,31.5327
4.0000,-2.9153,32.3279
-4.0000,-2.7797,46.5124
-3.8644,-2.7797,45.1748
-3.7288,-2.7797,43.8740
-3.5932,-2.7797,42.6100
-3.4576,-2.7797,41.3828
-3.3220,-2.7797,40.1923
-3.1864,-2.7797,39.0386
-3.0508,-2.7797,37.9217
-2.9153,-2.7797,36.8416
-2.7797,-2.7797,35.7982
-2.6441,-2.7797,34.7916
-2.5085,-2.7797,33.8217
-2.3729,-2.7797,32.8887
-2.2373,-2.7797,31.9924
-2.1017,-2.7797,31.1329
-1.9661,-2.7797,30.3101
-1.8305,-2.7797,29.5241
-1.6949,-2.7797,28.7749
-1.5593,-2.7797,28.0625
-1.4237,-2.7797,27.3868
-1.2881,-2.7797,26.7479
-1.1525,-2.7797,26.1458
-1.0169,-2.7797,25.5804
-0.8814,-2.7797,25.0519
-0.7458,-2.7797,24.5600
-0.6102,-2.7797,24.1050
-0.4746,-2.7797,23.6867
-0.3390,-2.7797,23.3052
-0.2034,-2.7797,22.9605
-0.0678,-2.7797,22.6525
0.0678,-2.7797,22.3814
0.2034,-2.7797,22.1469
0.3390,-2.7797,21.9493
0.4746,-2.7797,21.7884
0.6102,-2.7797,21.6643
0.7458,-2.7797,21.5770
0.8814,-2.7797,21.5264
1.0169,-2.7797,21.5126
1.1525,-2.7797,21.5356
1.2881,-2.7797,21.5954
1.4237,-2.7797,21.6919
1.5593,-2.7797,21.8252
1.6949,-2.7797,21.9953
1.8305,-2.7797,22.2021
1.9661,-2.7797,22.4457
2.1017,-2.7797,22.7261
2.2373,-2.7797,23.0432
2.3729,-2.7797,23.3972
2.5085,-2.7797,23.7878
2.6441,-2.7797,24.2153
2.7797,-2.7797,24.6795
2.9153,-2.7797,25.1806
3.0508,-2.7797,25.7183
3.1864,-2.7797,26.2929
3.3220,-2.7797,26.9042
3.4576,-2.7797,27.5523
3.5932,-2.7797,28.2371
3.7288,-2.7797,28.9588
3.8644,-2.7797,29.7172
4.0000,-2.7797,30.5124
-4.0000,-2.6441,44.7703
-3.8644,-2.6441,43.4328
-3.7288,-2.6441,42.1320
-3.5932,-2.6441,40.8680
-3.4576,-2.6441,39.6408
-3.3220,-2.6441,38.4503
-3.1864,-2.6441,37.2966
-3.0508,-2.6441,36.1797
-2.9153,-2.6441,35.0995
-2.7797,-2.6441,34.0562
-2.6441,-2.6441,33.0496
-2.5085,-2.6441,32.0797
-2.3729,-2.6441,31.1467
-2.2373,-2.6441,30.2504
-2.1017,-2.6441,29.3908
-1.9661,-2.6441,28.5681
-1.8305,-2.6441,27.7821
-1.6949,-2.6441,27.0329
-1.5593,-2.6441,26.3205
-1.4237,-2.6441,25.6448
-1.2881,-2.6441,25.0059
-1.1525,-2.6441,24.4038
-1.0169,-2.6441,23.8384
-0.8814,-2.6441,23.3098
-0.7458,-2.6441,22.8180
-0.6102,-2.6441,22.3630
-0.4746,-2.6441,21.9447
-0.3390,-2.6441,21.5632
-0.2034,-2.6441,21.2185
-0.0678,-2.6441,20.9105
0.0678,-2.6441,20.6393
0.2034,-2.6441,20.4049
0.3390,-2.6441,20.2073
0.4746,-2.6441,20.0464
0.6102,-2.6441,19.9223
0.7458,-2.6441,19.8350
0.8814,-2.6441,19.7844
1.0169,-2.6441,19.7706
1.1525,-2.6441,19.7936
1.2881,-2.6441,19.8533
1.4237,-2.6441,19.9499
1.5593,-2.6441,20.0832
1.6949,-2.6441,20.2532
1.8305,-2.6441,20.4601
1.9661,-2.6441,20.7037
2.1017,-2.6441,20.9841
2.2373,-2.6441,21.3012
2.3729,-2.6441,21.6551
2.5085,-2.6441,22.0458
2.6441,-2.6441,22.4733
2.7797,-2.6441,22.9375
2.9153,-2.6441,23.4385
3.0508,-2.6441,23.9763
3.1864,-2.6441,24.5508
3.3220,-2.6441,25.1622
3.4576,-2.6441,25.8103
3.5932,-2.6441,26.4951
3.7288,-2.6441,27.2167
3.8644,-2.6441,27.9752
4.0000,-2.6441,28.7703
-4.0000,-2.5085,43.1018
-3.8644,-2.5085,41.7643
-3.7288,-2.5085,40.4635
-3.5932,-2.5085,39.1995
-3.4576,-2.5085,37.9723
-3.3220,-2.5085,36.7818
-3.1864,-2.5085,35.6281
-3.0508,-2.5085,34.5112
-2.9153,-2.5085,33.4311
-2.7797,-2.5085,32.3877
-2.6441,-2.5085,31.3811
-2.5085,-2.5085,30.4112
-2.3729,-2.5085,29.4782
-2.2373,-2.5085,28.5819
-2.1017,-2.5085,27.7223
-1.9661,-2.5085,26.8996
-1.8305,-2.5085,26.1136
-1.6949,-2.5085,25.3644
-1.5593,-2.5085,24.6520
-1.4237,-2.5085,23.9763
-1.2881,-2.5085,23.3374
-1.1525,-2.5085,22.7353
-1.0169,-2.5085,22.1699
-0.8814,-2.5085,21.6413
-0.7458,-2.5085,21.1495
-0.6102,-2.5085,20.6945
-0.4746,-2.5085,20.2762
-0.3390,-2.5085,19.8947
-0.2034,-2.5085,19.5500
-0.0678,-2.5085,19.2420
0.0678,-2.5085,18.9708
0.2034,-2.5085,18.7364
0.3390,-2.5085,18.5388
0.4746,-2.5085,18.3779
0.6102,-2.5085,18.2538
0.7458,-2.5085,18.1665
0.8814,-2.5085,18.1159
1.0169,-2.5085,18.1021
1.1525,-2.5085,18.1251
1.2881,-2.5085,18.1849
1.4237,-2.5085,18.2814
1.5593,-2.5085,18.4147
1.6949,-2.5085,18.5847
1.8305,-2.5085,18.7916
1.9661,-2.5085,19.0352
2.1017,-2.5085,19.3156
2.2373,-2.5085,19.6327
2.3729,-2.5085,19.9866
2.5085,-2.5085,20.3773
2.6441,-2.5085,20.8048
2.7797,-2.5085,21.2690
2.9153,-2.5085,21.7700
3.0508,-2.5085,22.3078
3.1864,-2.5085,22.8824
3.3220,-2.5085,23.4937
3.4576,-2.5085,24.1418
3.5932,-2.5085,24.8266
3.7288,-2.5085,25.5483
3.8644,-2.5085,26.3067
4.0000,-2.5085,27.1018
-4.0000,-2.3729,41.5069
-3.8644,-2.3729,40.1693
-3.7288,-2.3729,38.8686
-3.5932,-2.3729,37.6046
-3.4576,-2.3729,36.3773
-3.3220,-2.3729,35.1869
-3.1864,-2.3729,34.0332
-3.0508,-2.3729,32.9163
-2.9153,-2.3729,31.8361
-2.7797,-2.3729,30.7927
-2.6441,-2.3729,29.7861
-2.5085,-2.3729,28.8163
-2.3729,-2.3729,27.8832
-2.2373,-2.3729,26.9869
-2.1017,-2.3729,26.1274
-1.9661,-2.3729,25.3047
-1.8305,-2.3729,24.5187
-1.6949,-2.3729,23.7695
-1.5593,-2.3729,23.0570
-1.4237,-2.3729,22.3814
-1.2881,-2.3729,21.7425
-1.1525,-2.3729,21.1403
-1.0169,-2.3729,20.5750
-0.8814,-2.3729,20.0464
-0.7458,-2.3729,19.5546
-0.6102,-2.3729,19.0995
-0.4746,-2.3729,18.6813
-0.3390,-2.3729,18.2998
-0.2034,-2.3729,17.9550
-0.0678,-2.3729,17.6471
0.0678,-2.3729,17.3759
0.2034,-2.3729,17.1415
0.3390,-2.3729,16.9438
0.4746,-2.3729,16.7830
0.6102,-2.3729,16.6589
0.7458,-2.3729,16.5715
0.8814,-2.3729,16.5210
1.0169,-2.3729,16.5072
1.1525,-2.3729,16.5302
1.2881,-2.3729,16.5899
1.4237,-2.3729,16.6864
1.5593,-2.3729,16.8197
1.6949,-2.3729,16.9898
1.8305,-2.3729,17.1966
1.9661,-2.3729,17.4402
2.1017,-2.3729,17.7206
2.2373,-2.3729,18.0378
2.3729,-2.3729,18.3917
2.5085,-2.3729,18.7824
2.6441,-2.3729,19.2099
2.7797,-2.3729,19.6741
2.9153,-2.3729,20.1751
3.0508,-2.3729,20.7129
3.1864,-2.3729,21.2874
3.3220,-2.3729,21.8987
3.4576,-2.3729,22.5468
3.5932,-2.3729,23.2317
3.7288,-2.3729,23.9533
3.8644,-2.3729,24.7117
4.0000,-2.3729,25.5069
-4.0000,-2.2373,39.9855
-3.8644,-2.2373,38.6479
-3.7288,-2.2373,37.3472
-3.5932,-2.2373,36.0832
-3.4576,-2.2373,34.8559
-3.3220,-2.2373,33.6655
-3.1864,-2.2373,32.5118
-3.0508,-2.2373,31.3949
-2.9153,-2.2373,30.3147
-2.7797,-2.2373,29.2713
-2.6441,-2.2373,28.2647
-2.5085,-2.2373,27.2949
-2.3729,-2.2373,26.3618
-2.2373,-2.2373,25.4655
-2.1017,-2.2373,24.6060
-1.9661,-2.2373,23.7833
-1.8305,-2.2373,22.9973
-1.6949,-2.2373,22.2481
-1.5593,-2.2373,21.5356
-1.4237,-2.2373,20.8600
-1.2881,-2.2373,20.2211
-1.1525,-2.2373,19.6189
-1.0169,-2.2373,19.0536
-0.8814,-2.2373,18.5250
-0.7458,-2.2373,18.0332
-0.6102,-2.2373,17.5781
-0.4746,-2.2373,17.1599
-0.3390,-2.2373,16.7784
-0.2034,-2.2373,16.4336
-0.0678,-2.2373,16.1257
0.0678,-2.2373,15.8545
0.2034,-2.2373,15.6201
0.3390,-2.2373,15.4224
0.4746,-2.2373,15.2616
0.6102,-2.2373,15.1375
0.7458,-2.2373,15.0501
0.8814,-2.2373,14.9996
1.0169,-2.2373,14.9858
1.1525,-2.2373,15.0088
1.2881,-2.2373,15.0685
1.4237,-2.2373,15.1650
1.5593,-2.2373,15.2983
1.6949,-2.2373,15.4684
1.8305,-2.2373,15.6752
1.9661,-2.2373,15.9188
2.1017,-2.2373,16.1992
2.2373,-2.2373,16.5164
2.3729,-2.2373,16.8703
2.5085,-2.2373,17.2610
2.6441,-2.2373,17.6885
2.7797,-2.2373,18.1527
2.9153,-2.2373,18.6537
3.0508,-2.2373,19.1915
3.1864,-2.2373,19.7660
3.3220,-2.2373,20.3773
3.4576,-2.2373,21.0254
3.5932,-2.2373,21.7103
3.7288,-2.2373,22.4319
3.8644,-2.2373,23.1903
4.0000,-2.2373,23.9855
-4.0000,-2.1017,38.5376
-3.8644,-2.1017,37.2001
-3.7288,-2.1017,35.8993
-3.5932,-2.1017,34.6353
-3.4576,-2.1017,33.4081
-3.3220,-2.1017,32.2176
-3.1864,-2.1017,31.0639
-3.0508,-2.1017,29.9470
-2.9153,-2.1017,28.8668
-2.7797,-2.1017,27.8235
-2.6441,-2.1017,26.8169
-2.5085,-2.1017,25.8470
-2.3729,-2.1017,24.9140
-2.2373,-2.1017,24.0177
-2.1017,-2.1017,23.1581
-1.9661,-2.1017,22.3354
-1.8305,-2.1017,21.5494
-1.6949,-2.1017,20.8002
-1.5593,-2.1017,20.0878
-1.4237,-2.1017,19.4121
-1.2881,-2.1017,18.7732
-1.1525,-2.1017,18.1711
-1.0169,-2.1017,17.6057
-0.8814,-2.1017,17.0771
-0.7458,-2.1017,16.5853
-0.6102,-2.1017,16.1303
-0.4746,-2.1017,15.7120
-0.3390,-2.1017,15.3305
-0.2034,-2.1017,14.9858
-0.0678,-2.1017,14.6778
0.0678,-2.1017,14.4066
0.2034,-2.1017,14.1722
0.3390,-2.1017,13.9746
0.4746,-2.1017,13.8137
0.6102,-2.1017,13.6896
0.7458,-2.1017,13.6023
0.8814,-2.1017,13.5517
1.0169,-2.1017,13.5379
1.1525,-2.1017,13.5609
1.2881,-2.1017,13.6207
1.4237,-2.1017,13.7172
1.5593,-2.1017,13.8505
1.6949,-2.1017,14.0205
1.8305,-2.1017,14.2274
1.9661,-2.1017,14.4710
2.1017,-2.1017,14.7514
2.2373,-2.1017,15.0685
2.3729,-2.1017,15.4224
2.5085,-2.1017,15.8131
2.6441,-2.1017,16.2406
2.7797,-2.1017,16.7048
2.9153,-2.1017,17.2058
3.0508,-2.1017,17.7436
3.1864,-2.1017,18.3182
3.3220,-2.1017,18.9295
3.4576,-2.1017,19.5776
3.5932,-2.1017,20.2624
3.7288,-2.1017,20.9841
3.8644,-2.1017,21.7425
4.0000,-2.1017,22.5376
-4.0000,-1.9661,37.1633
-3.8644,-1.9661,35.8258
-3.7288,-1.9661,34.5250
-3.5932,-1.9661,33.2610
-3.4576,-1.9661,32.0338
-3.3220,-1.9661,30.8433
-3.1864,-1.9661,29.6896
-3.0508,-1.9661,28.5727
-2.9153,-1.9661,27.4925
-2.7797,-1.9661,26.4492
-2.6441,-1.9661,25.4425
-2.5085,-1.9661,24.4727
-2.3729,-1.9661,23.5396
-2.2373,-1.9661,22.6433
-2.1017,-1.9661,21.7838
-1.9661,-1.9661,20.9611
-1.8305,-1.9661,20.1751
-1.6949,-1.9661,19.4259
-1.5593,-1.9661,18.7134
-1.4237,-1.9661,18.0378
-1.2881,-1.9661,17.3989
-1.1525,-1.9661,16.7968
-1.0169,-1.9661,16.2314
-0.8814,-1.9661,15.7028
-0.7458,-1.9661,15.2110
-0.6102,-1.9661,14.7560
-0.4746,-1.9661,14.3377
-0.3390,-1.9661,13.9562
-0.2034,-1.9661,13.6115
-0.0678,-1.9661,13.3035
0.0678,-1.9661,13.0323
0.2034,-1.9661,12.7979
0.3390,-1.9661,12.6003
0.4746,-1.9661,12.4394
0.6102,-1.9661,12.3153
0.7458,-1.9661,12.2280
0.8814,-1.9661,12.1774
1.0169,-1.9661,12.1636
1.1525,-1.9661,12.1866
1.2881,-1.9661,12.2463
1.4237,-1.9661,12.3429
1.5593,-1.9661,12.4762
1.6949,-1.9661,12.6462
1.8305,-1.9661,12.8531
1.9661,-1.9661,13.0967
2.1017,-1.9661,13.3770
2.2373,-1.9661,13.6942
2.3729,-1.9661,14.0481
2.5085,-1.9661,14.4388
2.6441,-1.9661,14.8663
2.7797,-1.9661,15.3305
2.9153,-1.9661,15.8315
3.0508,-1.9661,16.3693
3.1864,-1.9661,16.9438
3.3220,-1.9661,17.5552
3.4576,-1.9661,18.2032
3.5932,-1.9661,18.8881
3.7288,-1.9661,19.6097
3.8644,-1.9661,20.3681
4.0000,-1.9661,21.1633
-4.0000,-1.8305,35.8625
-3.8644,-1.8305,34.5250
-3.7288,-1.8305,33.2242
-3.5932,-1.8305,31.9602
-3.4576,-1.8305,30.7330
-3.3220,-1.8305,29.5425
-3.1864,-1.8305,28.3888
-3.0508,-1.8305,27.2719
-2.9153,-1.8305,26.1918
-2.7797,-1.8305,25.1484
-2.6441,-1.8305,24.1418
-2.5085,-1.8305,23.1719
-2.3729,-1.8305,22.2389
-2.2373,-1.8305,21.3426
-2.1017,-1.8305,20.4831
-1.9661,-1.8305,19.6603
-1.8305,-1.8305,18.8743
-1.6949,-1.8305,18.1251
-1.5593,-1.8305,17.4127
-1.4237,-1.8305,16.7370
-1.2881,-1.8305,16.0981
-1.1525,-1.8305,15.4960
-1.0169,-1.8305,14.9306
-0.8814,-1.8305,14.4020
-0.7458,-1.8305,13.9102
-0.6102,-1.8305,13.4552
-0.4746,-1.8305,13.0369
-0.3390,-1.8305,12.6554
-0.2034,-1.8305,12.3107
-0.0678,-1.8305,12.0027
0.0678,-1.8305,11.7315
0.2034,-1.8305,11.4971
0.3390,-1.8305,11.2995
0.4746,-1.8305,11.1386
0.6102,-1.8305,11.0145
0.7458,-1.8305,10.9272
0.8814,-1.8305,10.8766
1.0169,-1.8305,10.8628
1.1525,-1.8305,10.8858
1.2881,-1.8305,10.9456
1.4237,-1.8305,11.0421
1.5593,-1.8305,11.1754
1.6949,-1.8305,11.3454
1.8305,-1.8305,11.5523
1.9661,-1.8305,11.7959
2.1017,-1.8305,12.0763
2.2373,-1.8305,12.3934
2.3729,-1.8305,12.7473
2.5085,-1.8305,13.1380
2.6441,-1.8305,13.5655
2.7797,-1.8305,14.0297
2.9153,-1.8305,14.5307
3.0508,-1.8305,15.0685
3.1864,-1.8305,15.6431
3.3220,-1.8305,16.2544
3.4576,-1.8305,16.9025
3.5932,-1.8305,17.5873
3.7288,-1.8305,18.3090
3.8644,-1.8305,19.0674
4.0000,-1.8305,19.8625
-4.0000,-1.6949,34.6353
-3.8644,-1.6949,33.2978
-3.7288,-1.6949,31.9970
-3.5932,-1.6949,30.7330
-3.4576,-1.6949,29.5057
-3.3220,-1.6949,28.3153
-3.1864,-1.6949,27.1616
-3.0508,-1.6949,26.0447
-2.9153,-1.6949,24.9645
-2.7797,-1.6949,23.9211
-2.6441,-1.6949,22.9145
-2.5085,-1.6949,21.9447
-2.3729,-1.6949,21.0116
-2.2373,-1.6949,20.1153
-2.1017,-1.6949,19.2558
-1.9661,-1.6949,18.4331
-1.8305,-1.6949,17.6471
-1.6949,-1.6949,16.8979
-1.5593,-1.6949,16.1854
-1.4237,-1.6949,15.5098
-1.2881,-1.6949,14.8709
-1.1525,-1.6949,14.2687
-1.0169,-1.6949,13.7034
-0.8814,-1.6949,13.1748
-0.7458,-1.6949,12.6830
-0.6102,-1.6949,12.2280
-0.4746,-1.6949,11.8097
-0.3390,-1.6949,11.4282
-0.2034,-1.6949,11.0835
-0.0678,-1.6949,10.7755
0.0678,-1.6949,10.5043
0.2034,-1.6949,10.2699
0.3390,-1.6949,10.0722
0.4746,-1.6949,9.9114
0.6102,-1.6949,9.7873
0.7458,-1.6949,9.6999
0.8814,-1.6949,9.6494
1.0169,-1.6949,9.6356
1.1525,-1.6949,9.6586
1.2881,-1.6949,9.7183
1.4237,-1.6949,9.8149
1.5593,-1.6949,9.9481
1.6949,-1.6949,10.1182
1.8305,-1.6949,10.3251
1.9661,-1.6949,10.5687
2.1017,-1.6949,10.8490
2.2373,-1.6949,11.1662
2.3729,-1.6949,11.5201
2.5085,-1.6949,11.9108
2.6441,-1.6949,12.3383
2.7797,-1.6949,12.8025
2.9153,-1.6949,13.3035
3.0508,-1.6949,13.8413
3.1864,-1.6949,14.4158
3.3220,-1.6949,15.0271
3.4576,-1.6949,15.6752
3.5932,-1.6949,16.3601
3.7288,-1.6949,17.0817
3.8644,-1.6949,17.8401
4.0000,-1.6949,18.6353
-4.0000,-1.5593,33.4816
-3.8644,-1.5593,32.1441
-3.7288,-1.5593,30.8433
-3.5932,-1.5593,29.5793
-3.4576,-1.5593,28.3521
-3.3220,-1.5593,27.1616
-3.1864,-1.5593,26.0079
-3.0508,-1.5593,24.8910
-2.9153,-1.5593,23.8108
-2.7797,-1.5593,22.7675
-2.6441,-1.5593,21.7608
-2.5085,-1.5593,20.7910
-2.3729,-1.5593,19.8579
-2.2373,-1.5593,18.9616
-2.1017,-1.5593,18.1021
-1.9661,-1.5593,17.2794
-1.8305,-1.5593,16.4934
-1.6949,-1.5593,15.7442
-1.5593,-1.5593,15.0317
-1.4237,-1.5593,14.3561
-1.2881,-1.5593,13.7172
-1.1525,-1.5593,13.1151
-1.0169,-1.5593,12.5497
-0.8814,-1.5593,12.0211
-0.7458,-1.5593,11.5293
-0.6102,-1.5593,11.0743
-0.4746,-1.5593,10.6560
-0.3390,-1.5593,10.2745
-0.2034,-1.5593,9.9298
-0.0678,-1.5593,9.6218
0.0678,-1.5593,9.3506
0.2034,-1.5593,9.1162
0.3390,-1.5593,8.9186
0.4746,-1.5593,8.7577
0.6102,-1.5593,8.6336
0.7458,-1.5593,8.5463
0.8814,-1.5593,8.4957
1.0169,-1.5593,8.4819
1.1525,-1.5593,8.5049
1.2881,-1.5593,8.5646
1.4237,-1.5593,8.6612
1.5593,-1.5593,8.7945
1.6949,-1.5593,8.9645
1.8305,-1.5593,9.1714
1.9661,-1.5593,9.4150
2.1017,-1.5593,9.6953
2.2373,-1.5593,10.0125
2.3729,-1.5593,10.3664
2.5085,-1.5593,10.7571
2.6441,-1.5593,11.1846
2.7797,-1.5593,11.6488
2.9153,-1.5593,12.1498
3.0508,-1.5593,12.6876
3.1864,-1.5593,13.2621
3.3220,-1.5593,13.8735
3.4576,-1.5593,14.5215
3.5932,-1.5593,15.2064
3.7288,-1.5593,15.9280
3.8644,-1.5593,16.6864
4.0000,-1.5593,17.4816
-4.0000,-1.4237,32.4015
-3.8644,-1.4237,31.0639
-3.7288,-1.4237,29.7631
-3.5932,-1.4237,28.4991
-3.4576,-1.4237,27.2719
-3.3220,-1.4237,26.0814
-3.1864,-1.4237,24.9278
-3.0508,-1.4237,23.8108
-2.9153,-1.4237,22.7307
-2.7797,-1.4237,21.6873
-2.6441,-1.4237,20.6807
-2.5085,-1.4237,19.7109
-2.3729,-1.4237,18.7778
-2.2373,-1.4237,17.8815
-2.1017,-1.4237,17.0220
-1.9661,-1.4237,16.1992
-1.8305,-1.4237,15.4132
-1.6949,-1.4237,14.6640
-1.5593,-1.4237,13.9516
-1.4237,-1.4237,13.2759
-1.2881,-1.4237,12.6370
-1.1525,-1.4237,12.0349
-1.0169,-1.4237,11.4695
-0.8814,-1.4237,10.9410
-0.7458,-1.4237,10.4492
-0.6102,-1.4237,9.9941
-0.4746,-1.4237,9.5758
-0.3390,-1.4237,9.1943
-0.2034,-1.4237,8.8496
-0.0678,-1.4237,8.5417
0.0678,-1.4237,8.2705
0.2034,-1.4237,8.0361
0.3390,-1.4237,7.8384
0.4746,-1.4237,7.6775
0.6102,-1.4237,7.5534
0.7458,-1.4237,7.4661
0.8814,-1.4237,7.4155
1.0169,-1.4237,7.4018
1.1525,-1.4237,7.4247
1.2881,-1.4237,7.4845
1.4237,-1.4237,7.5810
1.5593,-1.4237,7.7143
1.6949,-1.4237,7.8844
1.8305,-1.4237,8.0912
1.9661,-1.4237,8.3348
2.1017,-1.4237,8.6152
2.2373,-1.4237,8.9323
2.3729,-1.4237,9.2863
2.5085,-1.4237,9.6770
2.6441,-1.4237,10.1044
2.7797,-1.4237,10.5687
2.9153,-1.4237,11.0697
3.0508,-1.4237,11.6074
3.1864,-1.4237,12.1820
3.3220,-1.4237,12.7933
3.4576,-1.4237,13.4414
3.5932,-1.4237,14.1263
3.7288,-1.4237,14.8479
3.8644,-1.4237,15.6063
4.0000,-1.4237,16.4015
-4.0000,-1.2881,31.3949
-3.8644,-1.2881,30.0573
-3.7288,-1.2881,28.7565
-3.5932,-1.2881,27.4925
-3.4576,-1.2881,26.2653
-3.3220,-1.2881,25.0748
-3.1864,-1.2881,23.9211
-3.0508,-1.2881,22.8042
-2.9153,-1.2881,21.7241
-2.7797,-1.2881,20.6807
-2.6441,-1.2881,19.6741
-2.5085,-1.2881,18.7043
-2.3729,-1.2881,17.7712
-2.2373,-1.2881,16.8749
-2.1017,-1.2881,16.0154
-1.9661,-1.2881,15.1926
-1.8305,-1.2881,14.4066
-1.6949,-1.2881,13.6574
-1.5593,-1.2881,12.9450
-1.4237,-1.2881,12.2693
-1.2881,-1.2881,11.6304
-1.1525,-1.2881,11.0283
-1.0169,-1.2881,10.4629
-0.8814,-1.2881,9.9344
-0.7458,-1.2881,9.4425
-0.6102,-1.2881,8.9875
-0.4746,-1.2881,8.5692
-0.3390,-1.2881,8.1877
-0.2034,-1.2881,7.8430
-0.0678,-1.2881,7.5350
0.0678,-1.2881,7.2639
0.2034,-1.2881,7.0294
0.3390,-1.2881,6.8318
0.4746,-1.2881,6.6709
0.6102,-1.2881,6.5468
0.7458,-1.2881,6.4595
0.8814,-1.2881,6.4089
1.0169,-1.2881,6.3951
1.1525,-1.2881,6.4181
1.2881,-1.2881,6.4779
1.4237,-1.2881,6.5744
1.5593,-1.2881,6.7077
1.6949,-1.2881,6.8778
1.8305,-1.2881,7.0846
1.9661,-1.2881,7.3282
2.1017,-1.2881,7.6086
2.2373,-1.2881,7.9257
2.3729,-1.2881,8.2797
2.5085,-1.2881,8.6704
2.6441,-1.2881,9.0978
2.7797,-1.2881,9.5621
2.9153,-1.2881,10.0631
3.0508,-1.2881,10.6008
3.1864,-1.2881,11.1754
3.3220,-1.2881,11.7867
3.4576,-1.2881,12.4348
3.5932,-1.2881,13.1196
3.7288,-1.2881,13.8413
3.8644,-1.2881,14.5997
4.0000,-1.2881,15.3949
-4.0000,-1.1525,30.4618
-3.8644,-1.1525,29.1242
-3.7288,-1.1525,27.8235
-3.5932,-1.1525,26.5595
-3.4576,-1.1525,25.3322
-3.3220,-1.1525,24.1418
-3.1864,-1.1525,22.9881
-3.0508,-1.1525,21.8712
-2.9153,-1.1525,20.7910
-2.7797,-1.1525,19.7476
-2.6441,-1.1525,18.7410
-2.5085,-1.1525,17.7712
-2.3729,-1.1525,16.8381
-2.2373,-1.1525,15.9418
-2.1017,-1.1525,15.0823
-1.9661,-1.1525,14.2596
-1.8305,-1.1525,13.4736
-1.6949,-1.1525,12.7244
-1.5593,-1.1525,12.0119
-1.4237,-1.1525,11.3363
-1.2881,-1.1525,10.6974
-1.1525,-1.1525,10.0952
-1.0169,-1.1525,9.5299
-0.8814,-1.1525,9.0013
-0.7458,-1.1525,8.5095
-0.6102,-1.1525,8.0544
-0.4746,-1.1525,7.6362
-0.3390,-1.1525,7.2547
-0.2034,-1.1525,6.9099
-0.0678,-1.1525,6.6020
0.0678,-1.1525,6.3308
0.2034,-1.1525,6.0964
0.3390,-1.1525,5.8987
0.4746,-1.1525,5.7379
0.6102,-1.1525,5.6138
0.7458,-1.1525,5.5264
0.8814,-1.1525,5.4759
1.0169,-1.1525,5.4621
1.1525,-1.1525,5.4851
1.2881,-1.1525,5.5448
1.4237,-1.1525,5.6413
1.5593,-1.1525,5.7746
1.6949,-1.1525,5.9447
1.8305,-1.1525,6.1515
1.9661,-1.1525,6.3951
2.1017,-1.1525,6.6755
2.2373,-1.1525,6.9927
2.3729,-1.1525,7.3466
2.5085,-1.1525,7.7373
2.6441,-1.1525,8.1648
2.7797,-1.1525,8.6290
2.9153,-1.1525,9.1300
3.0508,-1.1525,9.6678
3.1864,-1.1525,10.2423
3.3220,-1.1525,10.8536
3.4576,-1.1525,11.5017
3.5932,-1.1525,12.1866
3.7288,-1.1525,12.9082
3.8644,-1.1525,13.6666
4.0000,-1.1525,14.4618
-4.0000,-1.0169,29.6023
-3.8644,-1.0169,28.2647
-3.7288,-1.0169,26.9639
-3.5932,-1.0169,25.6999
-3.4576,-1.0169,24.4727
-3.3220,-1.0169,23.2822
-3.1864,-1.0169,22.1286
-3.0508,-1.0169,21.0116
-2.9153,-1.0169,19.9315
-2.7797,-1.0169,18.8881
-2.6441,-1.0169,17.8815
-2.5085,-1.0169,16.9117
-2.3729,-1.0169,15.9786
-2.2373,-1.0169,15.0823
-2.1017,-1.0169,14.2228
-1.9661,-1.0169,13.4000
-1.8305,-1.0169,12.6140
-1.6949,-1.0169,11.8648
-1.5593,-1.0169,11.1524
-1.4237,-1.0169,10.4767
-1.2881,-1.0169,9.8378
-1.1525,-1.0169,9.2357
-1.0169,-1.0169,8.6704
-0.8814,-1.0169,8.1418
-0.7458,-1.0169,7.6500
-0.6102,-1.0169,7.1949
-0.4746,-1.0169,6.7766
-0.3390,-1.0169,6.3951
-0.2034,-1.0169,6.0504
-0.0678,-1.0169,5.7425
0.0678,-1.0169,5.4713
0.2034,-1.0169,5.2369
0.3390,-1.0169,5.0392
0.4746,-1.0169,4.8783
0.6102,-1.0169,4.7542
0.7458,-1.0169,4.6669
0.8814,-1.0169,4.6163
1.0169,-1.0169,4.6026
1.1525,-1.0169,4.6255
1.2881,-1.0169,4.6853
1.4237,-1.0169,4.7818
1.5593,-1.0169,4.9151
1.6949,-1.0169,5.0852
1.8305,-1.0169,5.2920
1.9661,-1.0169,5.5356
2.1017,-1.0169,5.8160
2.2373,-1.0169,6.1332
2.3729,-1.0169,6.4871
2.5085,-1.0169,6.8778
2.6441,-1.0169,7.3052
2.7797,-1.0169,7.7695
2.9153,-1.0169,8.2705
3.0508,-1.0169,8.8082
3.1864,-1.0169,9.3828
3.3220,-1.0169,9.9941
3.4576,-1.0169,10.6422
3.5932,-1.0169,11.3271
3.7288,-1.0169,12.0487
3.8644,-1.0169,12.8071
4.0000,-1.0169,13.6023
-4.0000,-0.8814,28.8163
-3.8644,-0.8814,27.4787
-3.7288,-0.8814,26.1780
-3.5932,-0.8814,24.9140
-3.4576,-0.8814,23.6867
-3.3220,-0.8814,22.4963
-3.1864,-0.8814,21.3426
-3.0508,-0.8814,20.2257
-2.9153,-0.8814,19.1455
-2.7797,-0.8814,18.1021
-2.6441,-0.8814,17.0955
-2.5085,-0.8814,16.1257
-2.3729,-0.8814,15.1926
-2.2373,-0.8814,14.2963
-2.1017,-0.8814,13.4368
-1.9661,-0.8814,12.6140
-1.8305,-0.8814,11.8281
-1.6949,-0.8814,11.0789
-1.5593,-0.8814,10.3664
-1.4237,-0.8814,9.6907
-1.2881,-0.8814,9.0519
-1.1525,-0.8814,8.4497
-1.0169,-0.8814,7.8844
-0.8814,-0.8814,7.3558
-0.7458,-0.8814,6.8640
-0.6102,-0.8814,6.4089
-0.4746,-0.8814,5.9907
-0.3390,-0.8814,5.6092
-0.2034,-0.8814,5.2644
-0.0678,-0.8814,4.9565
0.0678,-0.8814,4.6853
0.2034,-0.8814,4.4509
0.3390,-0.8814,4.2532
0.4746,-0.8814,4.0924
0.6102,-0.8814,3.9683
0.7458,-0.8814,3.8809
0.8814,-0.8814,3.8304
1.0169,-0.8814,3.8166
1.1525,-0.8814,3.8396
1.2881,-0.8814,3.8993
1.4237,-0.8814,3.9958
1.5593,-0.8814,4.1291
1.6949,-0.8814,4.2992
1.8305,-0.8814,4.5060
1.9661,-0.8814,4.7496
2.1017,-0.8814,5.0300
2.2373,-0.8814,5.3472
2.3729,-0.8814,5.7011
2.5085,-0.8814,6.0918
2.6441,-0.8814,6.5192
2.7797,-0.8814,6.9835
2.9153,-0.8814,7.4845
3.0508,-0.8814,8.0223
3.1864,-0.8814,8.5968
3.3220,-0.8814,9.2081
3.4576,-0.8814,9.8562
3.5932,-0.8814,10.5411
3.7288,-0.8814,11.2627
3.8644,-0.8814,12.0211
4.0000,-0.8814,12.8163
-4.0000,-0.7458,28.1038
-3.8644,-0.7458,26.7663
-3.7288,-0.7458,25.4655
-3.5932,-0.7458,24.2015
-3.4576,-0.7458,22.9743
-3.3220,-0.7458,21.7838
-3.1864,-0.7458,20.6301
-3.0508,-0.7458,19.5132
-2.9153,-0.7458,18.4331
-2.7797,-0.7458,17.3897
-2.6441,-0.7458,16.3831
-2.5085,-0.7458,15.4132
-2.3729,-0.7458,14.4802
-2.2373,-0.7458,13.5839
-2.1017,-0.7458,12.7244
-1.9661,-0.7458,11.9016
-1.8305,-0.7458,11.1156
-1.6949,-0.7458,10.3664
-1.5593,-0.7458,9.6540
-1.4237,-0.7458,8.9783
-1.2881,-0.7458,8.3394
-1.1525,-0.7458,7.7373
-1.0169,-0.7458,7.1719
-0.8814,-0.7458,6.6433
-0.7458,-0.7458,6.1515
-0.6102,-0.7458,5.6965
-0.4746,-0.7458,5.2782
-0.3390,-0.7458,4.8967
-0.2034,-0.7458,4.5520
-0.0678,-0.7458,4.2440
0.0678,-0.7458,3.9729
0.2034,-0.7458,3.7384
0.3390,-0.7458,3.5408
0.4746,-0.7458,3.3799
0.6102,-0.7458,3.2558
0.7458,-0.7458,3.1685
0.8814,-0.7458,3.1179
1.0169,-0.7458,3.1041
1.1525,-0.7458,3.1271
1.2881,-0.7458,3.1869
1.4237,-0.7458,3.2834
1.5593,-0.7458,3.4167
1.6949,-0.7458,3.5868
1.8305,-0.7458,3.7936
1.9661,-0.7458,4.0372
2.1017,-0.7458,4.3176
2.2373,-0.7458,4.6347
2.3729,-0.7458,4.9887
2.5085,-0.7458,5.3793
2.6441,-0.7458,5.8068
2.7797,-0.7458,6.2710
2.9153,-0.7458,6.7720
3.0508,-0.7458,7.3098
3.1864,-0.7458,7.8844
3.3220,-0.7458,8.4957
3.4576,-0.7458,9.1438
3.5932,-0.7458,9.8286
3.7288,-0.7458,10.5503
3.8644,-0.7458,11.3087
4.0000,-0.7458,12.1038
-4.0000,-0.6102,27.4650
-3.8644,-0.6102,26.1274
-3.7288,-0.6102,24.8266
-3.5932,-0.6102,23.5626
-3.4576,-0.6102,22.3354
-3.3220,-0.6102,21.1449
-3.1864,-0.6102,19.9912
-3.0508,-0.6102,18.8743
-2.9153,-0.6102,17.7942
-2.7797,-0.6102,16.7508
-2.6441,-0.6102,15.7442
-2.5085,-0.6102,14.7743
-2.3729,-0.6102,13.8413
-2.2373,-0.6102,12.9450
-2.1017,-0.6102,12.0855
-1.9661,-0.6102,11.2627
-1.8305,-0.6102,10.4767
-1.6949,-0.6102,9.7275
-1.5593,-0.6102,9.0151
-1.4237,-0.6102,8.3394
-1.2881,-0.6102,7.7005
-1.1525,-0.6102,7.0984
-1.0169,-0.6102,6.5330
-0.8814,-0.6102,6.0045
-0.7458,-0.6102,5.5126
-0.6102,-0.6102,5.0576
-0.4746,-0.6102,4.6393
-0.3390,-0.6102,4.2578
-0.2034,-0.6102,3.9131
-0.0678,-0.6102,3.6051
0.0678,-0.6102,3.3340
0.2034,-0.6102,3.0995
0.3390,-0.6102,2.9019
0.4746,-0.6102,2.7410
0.6102,-0.6102,2.6169
0.7458,-0.6102,2.5296
0.8814,-0.6102,2.4790
1.0169,-0.6102,2.4652
1.1525,-0.6102,2.4882
1.2881,-0.6102,2.5480
1.4237,-0.6102,2.6445
1.5593,-0.6102,2.7778
1.6949,-0.6102,2.9479
1.8305,-0.6102,3.1547
1.9661,-0.6102,3.3983
2.1017,-0.6102,3.6787
2.2373,-0.6102,3.9958
2.3729,-0.6102,4.3498
2.5085,-0.6102,4.7404
2.6441,-0.6102,5.1679
2.7797,-0.6102,5.6321
2.9153,-0.6102,6.1332
3.0508,-0.6102,6.6709
3.1864,-0.6102,7.2455
3.3220,-0.6102,7.8568
3.4576,-0.6102,8.5049
3.5932,-0.6102,9.1897
3.7288,-0.6102,9.9114
3.8644,-0.6102,10.6698
4.0000,-0.6102,11.4650
-4.0000,-0.4746,26.8996
-3.8644,-0.4746,25.5621
-3.7288,-0.4746,24.2613
-3.5932,-0.4746,22.9973
-3.4576,-0.4746,21.7700
-3.3220,-0.4746,20.5796
-3.1864,-0.4746,19.4259
-3.0508,-0.4746,18.3090
-2.9153,-0.4746,17.2288
-2.7797,-0.4746,16.1854
-2.6441,-0.4746,15.1788
-2.5085,-0.4746,14.2090
-2.3729,-0.4746,13.2759
-2.2373,-0.4746,12.3796
-2.1017,-0.4746,11.5201
-1.9661,-0.4746,10.6974
-1.8305,-0.4746,9.9114
-1.6949,-0.4746,9.1622
-1.5593,-0.4746,8.4497
-1.4237,-0.4746,7.7741
-1.2881,-0.4746,7.1352
-1.1525,-0.4746,6.5330
-1.0169,-0.4746,5.9677
-0.8814,-0.4746,5.4391
-0.7458,-0.4746,4.9473
-0.6102,-0.4746,4.4922
-0.4746,-0.4746,4.0740
-0.3390,-0.4746,3.6925
-0.2034,-0.4746,3.3477
-0.0678,-0.4746,3.0398
0.0678,-0.4746,2.7686
0.2034,-0.4746,2.5342
0.3390,-0.4746,2.3365
0.4746,-0.4746,2.1757
0.6102,-0.4746,2.0516
0.7458,-0.4746,1.9642
0.8814,-0.4746,1.9137
1.0169,-0.4746,1.8999
1.1525,-0.4746,1.9229
1.2881,-0.4746,1.9826
1.4237,-0.4746,2.0791
1.5593,-0.4746,2.2124
1.6949,-0.4746,2.3825
1.8305,-0.4746,2.5893
1.9661,-0.4746,2.8330
2.1017,-0.4746,3.1133
2.2373,-0.4746,3.4305
2.3729,-0.4746,3.7844
2.5085,-0.4746,4.1751
2.6441,-0.4746,4.6026
2.7797,-0.4746,5.0668
2.9153,-0.4746,5.5678
3.0508,-0.4746,6.1056
3.1864,-0.4746,6.6801
3.3220,-0.4746,7.2914
3.4576,-0.4746,7.9395
3.5932,-0.4746,8.6244
3.7288,-0.4746,9.3460
3.8644,-0.4746,10.1044
4.0000,-0.4746,10.8996
-4.0000,-0.3390,26.4078
-3.8644,-0.3390,25.0702
-3.7288,-0.3390,23.7695
-3.5932,-0.3390,22.5055
-3.4576,-0.3390,21.2782
-3.3220,-0.3390,20.0878
-3.1864,-0.3390,18.9341
-3.0508,-0.3390,17.8172
-2.9153,-0.3390,16.7370
-2.7797,-0.3390,15.6936
-2.6441,-0.3390,14.6870
-2.5085,-0.3390,13.7172
-2.3729,-0.3390,12.7841
-2.2373,-0.3390,11.8878
-2.1017,-0.3390,11.0283
-1.9661,-0.3390,10.2055
-1.8305,-0.3390,9.4196
-1.6949,-0.3390,8.6704
-1.5593,-0.3390,7.9579
-1.4237,-0.3390,7.2822
-1.2881,-0.3390,6.6433
-1.1525,-0.3390,6.0412
-1.0169,-0.3390,5.4759
-0.8814,-0.3390,4.9473
-0.7458,-0.3390,4.4555
-0.6102,-0.3390,4.0004
-0.4746,-0.3390,3.5822
-0.3390,-0.3390,3.2007
-0.2034,-0.3390,2.8559
-0.0678,-0.3390,2.5480
0.0678,-0.3390,2.2768
0.2034,-0.3390,2.0424
0.3390,-0.3390,1.8447
0.4746,-0.3390,1.6839
0.6102,-0.3390,1.5598
0.7458,-0.3390,1.4724
0.8814,-0.3390,1.4219
1.0169,-0.3390,1.4081
1.1525,-0.3390,1.4311
1.2881,-0.3390,1.4908
1.4237,-0.3390,1.5873
1.5593,-0.3390,1.7206
1.6949,-0.3390,1.8907
1.8305,-0.3390,2.0975
1.9661,-0.3390,2.3411
2.1017,-0.3390,2.6215
2.2373,-0.3390,2.9387
2.3729,-0.3390,3.2926
2.5085,-0.3390,3.6833
2.6441,-0.3390,4.1107
2.7797,-0.3390,4.5750
2.9153,-0.3390,5.0760
3.0508,-0.3390,5.6138
3.1864,-0.3390,6.1883
3.3220,-0.3390,6.7996
3.4576,-0.3390,7.4477
3.5932,-0.3390,8.1326
3.7288,-0.3390,8.8542
3.8644,-0.3390,9.6126
4.0000,-0.3390,10.4078
-4.0000,-0.2034,25.9895
-3.8644,-0.2034,24.6520
-3.7288,-0.2034,23.3512
-3.5932,-0.2034,22.0872
-3.4576,-0.2034,20.8600
-3.3220,-0.2034,19.6695
-3.1864,-0.2034,18.5158
-3.0508,-0.2034,17.3989
-2.9153,-0.2034,16.3187
-2.7797,-0.2034,15.2754
-2.6441,-0.2034,14.2687
-2.5085,-0.2034,13.2989
-2.3729,-0.2034,12.3658
-2.2373,-0.2034,11.4695
-2.1017,-0.2034,10.6100
-1.9661,-0.2034,9.7873
-1.8305,-0.2034,9.0013
-1.6949,-0.2034,8.2521
-1.5593,-0.2034,7.5396
-1.4237,-0.2034,6.8640
-1.2881,-0.2034,6.2251
-1.1525,-0.2034,5.6230
-1.0169,-0.2034,5.0576
-0.8814,-0.2034,4.5290
-0.7458,-0.2034,4.0372
-0.6102,-0.2034,3.5822
-0.4746,-0.2034,3.1639
-0.3390,-0.2034,2.7824
-0.2034,-0.2034,2.4377
-0.0678,-0.2034,2.1297
0.0678,-0.2034,1.8585
0.2034,-0.2034,1.6241
0.3390,-0.2034,1.4265
0.4746,-0.2034,1.2656
0.6102,-0.2034,1.1415
0.7458,-0.2034,1.0542
0.8814,-0.2034,1.0036
1.0169,-0.2034,0.9898
1.1525,-0.2034,1.0128
1.2881,-0.2034,1.0725
1.4237,-0.2034,1.1691
1.5593,-0.2034,1.3024
1.6949,-0.2034,1.4724
1.8305,-0.2034,1.6793
1.9661,-0.2034,1.9229
2.1017,-0.2034,2.2032
2.2373,-0.2034,2.5204
2.3729,-0.2034,2.8743
2.5085,-0.2034,3.2650
2.6441,-0.2034,3.6925
2.7797,-0.2034,4.1567
2.9153,-0.2034,4.6577
3.0508,-0.2034,5.1955
3.1864,-0.2034,5.7700
3.3220,-0.2034,6.3814
3.4576,-0.2034,7.0294
3.5932,-0.2034,7.7143
3.7288,-0.2034,8.4359
3.8644,-0.2034,9.1943
4.0000,-0.2034,9.9895
-4.0000,-0.0678,25.6448
-3.8644,-0.0678,24.3072
-3.7288,-0.0678,23.0065
-3.5932,-0.0678,21.7425
-3.4576,-0.0678,20.5152
-3.3220,-0.0678,19.3248
-3.1864,-0.0678,18.1711
-3.0508,-0.0678,17.0542
-2.9153,-0.0678,15.9740
-2.7797,-0.0678,14.9306
-2.6441,-0.0678,13.9240
-2.5085,-0.0678,12.9542
-2.3729,-0.0678,12.0211
-2.2373,-0.0678,11.1248
-2.1017,-0.0678,10.2653
-1.9661,-0.0678,9.4425
-1.8305,-0.0678,8.6566
-1.6949,-0.0678,7.9074
-1.5593,-0.0678,7.1949
-1.4237,-0.0678,6.5192
-1.2881,-0.0678,5.8804
-1.1525,-0.0678,5.2782
-1.0169,-0.0678,4.7129
-0.8814,-0.0678,4.1843
-0.7458,-0.0678,3.6925
-0.6102,-0.0678,3.2374
-0.4746,-0.0678,2.8192
-0.3390,-0.0678,2.4377
-0.2034,-0.0678,2.0929
-0.0678,-0.0678,1.7850
0.0678,-0.0678,1.5138
0.2034,-0.0678,1.2794
0.3390,-0.0678,1.0817
0.4746,-0.0678,0.9209
0.6102,-0.0678,0.7968
0.7458,-0.0678,0.7094
0.8814,-0.0678,0.6589
1.0169,-0.0678,0.6451
1.1525,-0.0678,0.6681
1.2881,-0.0678,0.7278
1.4237,-0.0678,0.8243
1.5593,-0.0678,0.9576
1.6949,-0.0678,1.1277
1.8305,-0.0678,1.3345
1.9661,-0.0678,1.5781
2.1017,-0.0678,1.8585
2.2373,-0.0678,2.1757
2.3729,-0.0678,2.5296
2.5085,-0.0678,2.9203
2.6441,-0.0678,3.3477
2.7797,-0.0678,3.8120
2.9153,-0.0678,4.3130
3.0508,-0.0678,4.8508
3.1864,-0.0678,5.4253
3.3220,-0.0678,6.0366
3.4576,-0.0678,6.6847
3.5932,-0.0678,7.3696
3.7288,-0.0678,8.0912
3.8644,-0.0678,8.8496
4.0000,-0.0678,9.6448
-4.0000,0.0678,25.3736
-3.8644,0.0678,24.0361
-3.7288,0.0678,22.7353
-3.5932,0.0678,21.4713
-3.4576,0.0678,20.2440
-3.3220,0.0678,19.0536
-3.1864,0.0678,17.8999
-3.0508,0.0678,16.7830
-2.9153,0.0678,15.7028
-2.7797,0.0678,14.6594
-2.6441,0.0678,13.6528
-2.5085,0.0678,12.6830
-2.3729,0.0678,11.7499
-2.2373,0.0678,10.8536
-2.1017,0.0678,9.9941
-1.9661,0.0678,9.1714
-1.8305,0.0678,8.3854
-1.6949,0.0678,7.6362
-1.5593,0.0678,6.9237
-1.4237,0.0678,6.2481
-1.2881,0.0678,5.6092
-1.1525,0.0678,5.0070
-1.0169,0.0678,4.4417
-0.8814,0.0678,3.9131
-0.7458,0.0678,3.4213
-0.6102,0.0678,2.9662
-0.4746,0.0678,2.5480
-0.3390,0.0678,2.1665
-0.2034,0.0678,1.8217
-0.0678,0.0678,1.5138
0.0678,0.0678,1.2426
0.2034,0.0678,1.0082
0.3390,0.0678,0.8105
0.4746,0.0678,0.6497
0.6102,0.0678,0.5256
0.7458,0.0678,0.4382
0.8814,0.0678,0.3877
1.0169,0.0678,0.3739
1.1525,0.0678,0.3969
1.2881,0.0678,0.4566
1.4237,0.0678,0.5531
1.5593,0.0678,0.6864
1.6949,0.0678,0.8565
1.8305,0.0678,1.0633
1.9661,0.0678,1.3070
2.1017,0.0678,1.5873
2.2373,0.0678,1.9045
2.3729,0.0678,2.2584
2.5085,0.0678,2.6491
2.6441,0.0678,3.0766
2.7797,0.0678,3.5408
2.9153,0.0678,4.0418
3.0508,0.0678,4.5796
3.1864,0.0678,5.1541
3.3220,0.0678,5.7654
3.4576,0.0678,6.4135
3.5932,0.0678,7.0984
3.7288,0.0678,7.8200
3.8644,0.0678,8.5784
4.0000,0.0678,9.3736
-4.0000,0.2034,25.1760
-3.8644,0.2034,23.8384
-3.7288,0.2034,22.5376
-3.5932,0.2034,21.2736
-3.4576,0.2034,20.0464
-3.3220,0.2034,18.8559
-3.1864,0.2034,17.7022
-3.0508,0.2034,16.5853
-2.9153,0.2034,15.5052
-2.7797,0.2034,14.4618
-2.6441,0.2034,13.4552
-2.5085,0.2034,12.4853
-2.3729,0.2034,11.5523
-2.2373,0.2034,10.6560
-2.1017,0.2034,9.7965
-1.9661,0.2034,8.9737
-1.8305,0.2034,8.1877
-1.6949,0.2034,7.4385
-1.5593,0.2034,6.7261
-1.4237,0.2034,6.0504
-1.2881,0.2034,5.4115
-1.1525,0.2034,4.8094
-1.0169,0.2034,4.2440
-0.8814,0.2034,3.7155
-0.7458,0.2034,3.2236
-0.6102,0.2034,2.7686
-0.4746,0.2034,2.3503
-0.3390,0.2034,1.9688
-0.2034,0.2034,1.6241
-0.0678,0.2034,1.3161
0.0678,0.2034,1.0450
0.2034,0.2034,0.8105
0.3390,0.2034,0.6129
0.4746,0.2034,0.4520
0.6102,0.2034,0.3279
0.7458,0.2034,0.2406
0.8814,0.2034,0.1900
1.0169,0.2034,0.1762
1.1525,0.2034,0.1992
1.2881,0.2034,0.2590
1.4237,0.2034,0.3555
1.5593,0.2034,0.4888
1.6949,0.2034,0.6589
1.8305,0.2034,0.8657
1.9661,0.2034,1.1093
2.1017,0.2034,1.3897
2.2373,0.2034,1.7068
2.3729,0.2034,2.0608
2.5085,0.2034,2.4515
2.6441,0.2034,2.8789
2.7797,0.2034,3.3431
2.9153,0.2034,3.8442
3.0508,0.2034,4.3819
3.1864,0.2034,4.9565
3.3220,0.2034,5.5678
3.4576,0.2034,6.2159
3.5932,0.2034,6.9007
3.7288,0.2034,7.6224
3.8644,0.2034,8.3808
4.0000,0.2034,9.1760
-4.0000,0.3390,25.0519
-3.8644,0.3390,23.7143
-3.7288,0.3390,22.4135
-3.5932,0.3390,21.1495
-3.4576,0.3390,19.9223
-3.3220,0.3390,18.7318
-3.1864,0.3390,17.5781
-3.0508,0.3390,16.4612
-2.9153,0.3390,15.3811
-2.7797,0.3390,14.3377
-2.6441,0.3390,13.3311
-2.5085,0.3390,12.3612
-2.3729,0.3390,11.4282
-2.2373,0.3390,10.5319
-2.1017,0.3390,9.6724
-1.9661,0.3390,8.8496
-1.8305,0.3390,8.0636
-1.6949,0.3390,7.3144
-1.5593,0.3390,6.6020
-1.4237,0.3390,5.9263
-1.2881,0.3390,5.2874
-1.1525,0.3390,4.6853
-1.0169,0.3390,4.1199
-0.8814,0.3390,3.5914
-0.7458,0.3390,3.0995
-0.6102,0.3390,2.6445
-0.4746,0.3390,2.2262
-0.3390,0.3390,1.8447
-0.2034,0.3390,1.5000
-0.0678,0.3390,1.1920
0.0678,0.3390,0.9209
0.2034,0.3390,0.6864
0.3390,0.3390,0.4888
0.4746,0.3390,0.3279
0.6102,0.3390,0.2038
0.7458,0.3390,0.1165
0.8814,0.3390,0.0659
1.0169,0.3390,0.0521
1.1525,0.3390,0.0751
1.2881,0.3390,0.1349
1.4237,0.3390,0.2314
1.5593,0.3390,0.3647
1.6949,0.3390,0.5348
1.8305,0.3390,0.7416
1.9661,0.3390,0.9852
2.1017,0.3390,1.2656
2.2373,0.3390,1.5827
2.3729,0.3390,1.9367
2.5085,0.3390,2.3273
2.6441,0.3390,2.7548
2.7797,0.3390,3.2190
2.9153,0.3390,3.7201
3.0508,0.3390,4.2578
3.1864,0.3390,4.8324
3.3220,0.3390,5.4437
3.4576,0.3390,6.0918
3.5932,0.3390,6.7766
3.7288,0.3390,7.4983
3.8644,0.3390,8.2567
4.0000,0.3390,9.0519
-4.0000,0.4746,25.0013
-3.8644,0.4746,23.6637
-3.7288,0.4746,22.3630
-3.5932,0.4746,21.0990
-3.4576,0.4746,19.8717
-3.3220,0.4746,18.6813
-3.1864,0.4746,17.5276
-3.0508,0.4746,16.4107
-2.9153,0.4746,15.3305
-2.7797,0.4746,14.2871
-2.6441,0.4746,13.2805
-2.5085,0.4746,12.3107
-2.3729,0.4746,11.3776
-2.2373,0.4746,10.4813
-2.1017,0.4746,9.6218
-1.9661,0.4746,8.7991
-1.8305,0.4746,8.0131
-1.6949,0.4746,7.2639
-1.5593,0.4746,6.5514
-1.4237,0.4746,5.8758
-1.2881,0.4746,5.2369
-1.1525,0.4746,4.6347
-1.0169,0.4746,4.0694
-0.8814,0.4746,3.5408
-0.7458,0.4746,3.0490
-0.6102,0.4746,2.5939
-0.4746,0.4746,2.1757
-0.3390,0.4746,1.7942
-0.2034,0.4746,1.4494
-0.0678,0.4746,1.1415
0.0678,0.4746,0.8703
0.2034,0.4746,0.6359
0.3390,0.4746,0.4382
0.4746,0.4746,0.2774
0.6102,0.4746,0.1533
0.7458,0.4746,0.0659
0.8814,0.4746,0.0154
1.0169,0.4746,0.0016
1.1525,0.4746,0.0246
1.2881,0.4746,0.0843
1.4237,0.4746,0.1808
1.5593,0.4746,0.3141
1.6949,0.4746,0.4842
1.8305,0.4746,0.6910
1.9661,0.4746,0.9346
2.1017,0.4746,1.2150
2.2373,0.4746,1.5322
2.3729,0.4746,1.8861
2.5085,0.4746,2.2768
2.6441,0.4746,2.7043
2.7797,0.4746,3.1685
2.9153,0.4746,3.6695
3.0508,0.4746,4.2073
3.1864,0.4746,4.7818
3.3220,0.4746,5.3931
3.4576,0.4746,6.0412
3.5932,0.4746,6.7261
3.7288,0.4746,7.4477
3.8644,0.4746,8.2061
4.0000,0.4746,9.0013
-4.0000,0.6102,25.0243
-3.8644,0.6102,23.6867
-3.7288,0.6102,22.3860
-3.5932,0.6102,21.1219
-3.4576,0.6102,19.8947
-3.3220,0.6102,18.7043
-3.1864,0.6102,17.5506
-3.0508,0.6102,16.4336
-2.9153,0.6102,15.3535
-2.7797,0.6102,14.3101
-2.6441,0.6102,13.3035
-2.5085,0.6102,12.3337
-2.3729,0.6102,11.4006
-2.2373,0.6102,10.5043
-2.1017,0.6102,9.6448
-1.9661,0.6102,8.8220
-1.8305,0.6102,8.0361
-1.6949,0.6102,7.2868
-1.5593,0.6102,6.5744
-1.4237,0.6102,5.8987
-1.2881,0.6102,5.2598
-1.1525,0.6102,4.6577
-1.0169,0.6102,4.0924
-0.8814,0.6102,3.5638
-0.7458,0.6102,3.0720
-0.6102,0.6102,2.6169
-0.4746,0.6102,2.1986
-0.3390,0.6102,1.8172
-0.2034,0.6102,1.4724
-0.0678,0.6102,1.1645
0.0678,0.6102,0.8933
0.2034,0.6102,0.6589
0.3390,0.6102,0.4612
0.4746,0.6102,0.3003
0.6102,0.6102,0.1762
0.7458,0.6102,0.0889
0.8814,0.6102,0.0384
1.0169,0.6102,0.0246
1.1525,0.6102,0.0475
1.2881,0.6102,0.1073
1.4237,0.6102,0.2038
1.5593,0.6102,0.3371
1.6949,0.6102,0.5072
1.8305,0.6102,0.7140
1.9661,0.6102,0.9576
2.1017,0.6102,1.2380
2.2373,0.6102,1.5552
2.3729,0.6102,1.9091
2.5085,0.6102,2.2998
2.6441,0.6102,2.7272
2.7797,0.6102,3.1915
2.9153,0.6102,3.6925
3.0508,0.6102,4.2302
3.1864,0.6102,4.8048
3.3220,0.6102,5.4161
3.4576,0.6102,6.0642
3.5932,0.6102,6.7491
3.7288,0.6102,7.4707
3.8644,0.6102,8.2291
4.0000,0.6102,9.0243
-4.0000,0.7458,25.1208
-3.8644,0.7458,23.7833
-3.7288,0.7458,22.4825
-3.5932,0.7458,21.2185
-3.4576,0.7458,19.9912
-3.3220,0.7458,18.8008
-3.1864,0.7458,17.6471
-3.0508,0.7458,16.5302
-2.9153,0.7458,15.4500
-2.7797,0.7458,14.4066
-2.6441,0.7458,13.4000
-2.5085,0.7458,12.4302
-2.3729,0.7458,11.4971
-2.2373,0.7458,10.6008
-2.1017,0.7458,9.7413
-1.9661,0.7458,8.9186
-1.8305,0.7458,8.1326
-1.6949,0.7458,7.3834
-1.5593,0.7458,6.6709
-1.4237,0.7458,5.9953
-1.2881,0.7458,5.3564
-1.1525,0.7458,4.7542
-1.0169,0.7458,4.1889
-0.8814,0.7458,3.6603
-0.7458,0.7458,3.1685
-0.6102,0.7458,2.7134
-0.4746,0.7458,2.2952
-0.3390,0.7458,1.9137
-0.2034,0.7458,1.5689
-0.0678,0.7458,1.2610
0.0678,0.7458,0.9898
0.2034,0.7458,0.7554
0.3390,0.7458,0.5577
0.4746,0.7458,0.3969
0.6102,0.7458,0.2728
0.7458,0.7458,0.1854
0.8814,0.7458,0.1349
1.0169,0.7458,0.1211
1.1525,0.7458,0.1441
1.2881,0.7458,0.2038
1.4237,0.7458,0.3003
1.5593,0.7458,0.4336
1.6949,0.7458,0.6037
1.8305,0.7458,0.8105
1.9661,0.7458,1.0542
2.1017,0.7458,1.3345
2.2373,0.7458,1.6517
2.3729,0.7458,2.0056
2.5085,0.7458,2.3963
2.6441,0.7458,2.8238
2.7797,0.7458,3.2880
2.9153,0.7458,3.7890
3.0508,0.7458,4.3268
3.1864,0.7458,4.9013
3.3220,0.7458,5.5126
3.4576,0.7458,6.1607
3.5932,0.7458,6.8456
3.7288,0.7458,7.5672
3.8644,0.7458,8.3256
4.0000,0.7458,9.1208
-4.0000,0.8814,25.2909
-3.8644,0.8814,23.9533
-3.7288,0.8814,22.6525
-3.5932,0.8814,21.3885
-3.4576,0.8814,20.1613
-3.3220,0.8814,18.9708
-3.1864,0.8814,17.8172
-3.0508,0.8814,16.7002
-2.9153,0.8814,15.6201
-2.7797,0.8814,14.5767
-2.6441,0.8814,13.5701
-2.5085,0.8814,12.6003
-2.3729,0.8814,11.6672
-2.2373,0.8814,10.7709
-2.1017,0.8814,9.9114
-1.9661,0.8814,9.0886
-1.8305,0.8814,8.3026
-1.6949,0.8814,7.5534
-1.5593,0.8814,6.8410
-1.4237,0.8814,6.1653
-1.2881,0.8814,5.5264
-1.1525,0.8814,4.9243
-1.0169,0.8814,4.3589
-0.8814,0.8814,3.8304
-0.7458,0.8814,3.3386
-0.6102,0.8814,2.8835
-0.4746,0.8814,2.4652
-0.3390,0.8814,2.0837
-0.2034,0.8814,1.7390
-0.0678,0.8814,1.4311
0.0678,0.8814,1.1599
0.2034,0.8814,0.9255
0.3390,0.8814,0.7278
0.4746,0.8814,0.5669
0.6102,0.8814,0.4428
0.7458,0.8814,0.3555
0.8814,0.8814,0.3049
1.0169,0.8814,0.2912
1.1525,0.8814,0.3141
1.2881,0.8814,0.3739
1.4237,0.8814,0.4704
1.5593,0.8814,0.6037
1.6949,0.8814,0.7738
1.8305,0.8814,0.9806
1.9661,0.8814,1.2242
2.1017,0.8814,1.5046
2.2373,0.8814,1.8217
2.3729,0.8814,2.1757
2.5085,0.8814,2.5664
2.6441,0.8814,2.9938
2.7797,0.8814,3.4581
2.9153,0.8814,3.9591
3.0508,0.8814,4.4968
3.1864,0.8814,5.0714
3.3220,0.8814,5.6827
3.4576,0.8814,6.3308
3.5932,0.8814,7.0157
3.7288,0.8814,7.7373
3.8644,0.8814,8.4957
4.0000,0.8814,9.2909
-4.0000,1.0169,25.5345
-3.8644,1.0169,24.1969
-3.7288,1.0169,22.8962
-3.5932,1.0169,21.6321
-3.4576,1.0169,20.4049
-3.3220,1.0169,19.2144
-3.1864,1.0169,18.0608
-3.0508,1.0169,16.9438
-2.9153,1.0169,15.8637
-2.7797,1.0169,14.8203
-2.6441,1.0169,13.8137
-2.5085,1.0169,12.8439
-2.3729,1.0169,11.9108
-2.2373,1.0169,11.0145
-2.1017,1.0169,10.1550
-1.9661,1.0169,9.3322
-1.8305,1.0169,8.5463
-1.6949,1.0169,7.7970
-1.5593,1.0169,7.0846
-1.4237,1.0169,6.4089
-1.2881,1.0169,5.7700
-1.1525,1.0169,5.1679
-1.0169,1.0169,4.6026
-0.8814,1.0169,4.0740
-0.7458,1.0169,3.5822
-0.6102,1.0169,3.1271
-0.4746,1.0169,2.7088
-0.3390,1.0169,2.3273
-0.2034,1.0169,1.9826
-0.0678,1.0169,1.6747
0.0678,1.0169,1.4035
0.2034,1.0169,1.1691
0.3390,1.0169,0.9714
0.4746,1.0169,0.8105
0.6102,1.0169,0.6864
0.7458,1.0169,0.5991
0.8814,1.0169,0.5485
1.0169,1.0169,0.5348
1.1525,1.0169,0.5577
1.2881,1.0169,0.6175
1.4237,1.0169,0.7140
1.5593,1.0169,0.8473
1.6949,1.0169,1.0174
1.8305,1.0169,1.2242
1.9661,1.0169,1.4678
2.1017,1.0169,1.7482
2.2373,1.0169,2.0654
2.3729,1.0169,2.4193
2.5085,1.0169,2.8100
2.6441,1.0169,3.2374
2.7797,1.0169,3.7017
2.9153,1.0169,4.2027
3.0508,1.0169,4.7404
3.1864,1.0169,5.3150
3.3220,1.0169,5.9263
3.4576,1.0169,6.5744
3.5932,1.0169,7.2593
3.7288,1.0169,7.9809
3.8644,1.0169,8.7393
4.0000,1.0169,9.5345
-4.0000,1.1525,25.8516
-3.8644,1.1525,24.5141
-3.7288,1.1525,23.2133
-3.5932,1.1525,21.9493
-3.4576,1.1525,20.7221
-3.3220,1.1525,19.5316
-3.1864,1.1525,18.3779
-3.0508,1.1525,17.2610
-2.9153,1.1525,16.1808
-2.7797,1.1525,15.1375
-2.6441,1.1525,14.1309
-2.5085,1.1525,13.1610
-2.3729,1.1525,12.2280
-2.2373,1.1525,11.3317
-2.1017,1.1525,10.4721
-1.9661,1.1525,9.6494
-1.8305,1.1525,8.8634
-1.6949,1.1525,8.1142
-1.5593,1.1525,7.4018
-1.4237,1.1525,6.7261
-1.2881,1.1525,6.0872
-1.1525,1.1525,5.4851
-1.0169,1.1525,4.9197
-0.8814,1.1525,4.3911
-0.7458,1.1525,3.8993
-0.6102,1.1525,3.4443
-0.4746,1.1525,3.0260
-0.3390,1.1525,2.6445
-0.2034,1.1525,2.2998
-0.0678,1.1525,1.9918
0.0678,1.1525,1.7206
0.2034,1.1525,1.4862
0.3390,1.1525,1.2886
0.4746,1.1525,1.1277
0.6102,1.1525,1.0036
0.7458,1.1525,0.9163
0.8814,1.1525,0.8657
1.0169,1.1525,0.8519
1.1525,1.1525,0.8749
1.2881,1.1525,0.9346
1.4237,1.1525,1.0312
1.5593,1.1525,1.1645
1.6949,1.1525,1.3345
1.8305,1.1525,1.5414
1.9661,1.1525,1.7850
2.1017,1.1525,2.0654
2.2373,1.1525,2.3825
2.3729,1.1525,2.7364
2.5085,1.1525,3.1271
2.6441,1.1525,3.5546
2.7797,1.1525,4.0188
2.9153,1.1525,4.5198
3.0508,1.1525,5.0576
3.1864,1.1525,5.6321
3.3220,1.1525,6.2435
3.4576,1.1525,6.8916
3.5932,1.1525,7.5764
3.7288,1.1525,8.2980
3.8644,1.1525,9.0564
4.0000,1.1525,9.8516
-4.0000,1.2881,26.2423
-3.8644,1.2881,24.9048
-3.7288,1.2881,23.6040
-3.5932,1.2881,22.3400
-3.4576,1.2881,21.1128
-3.3220,1.2881,19.9223
-3.1864,1.2881,18.7686
-3.0508,1.2881,17.6517
-2.9153,1.2881,16.5715
-2.7797,1.2881,15.5282
-2.6441,1.2881,14.5215
-2.5085,1.2881,13.5517
-2.3729,1.2881,12.6186
-2.2373,1.2881,11.7223
-2.1017,1.2881,10.8628
-1.9661,1.2881,10.0401
-1.8305,1.2881,9.2541
-1.6949,1.2881,8.5049
-1.5593,1.2881,7.7924
-1.4237,1.2881,7.1168
-1.2881,1.2881,6.4779
-1.1525,1.2881,5.8758
-1.0169,1.2881,5.3104
-0.8814,1.2881,4.7818
-0.7458,1.2881,4.2900
-0.6102,1.2881,3.8350
-0.4746,1.2881,3.4167
-0.3390,1.2881,3.0352
-0.2034,1.2881,2.6905
-0.0678,1.2881,2.3825
0.0678,1.2881,2.1113
0.2034,1.2881,1.8769
0.3390,1.2881,1.6793
0.4746,1.2881,1.5184
0.6102,1.2881,1.3943
0.7458,1.2881,1.3070
0.8814,1.2881,1.2564
1.0169,1.2881,1.2426
1.1525,1.2881,1.2656
1.2881,1.2881,1.3253
1.4237,1.2881,1.4219
1.5593,1.2881,1.5552
1.6949,1.2881,1.7252
1.8305,1.2881,1.9321
1.9661,1.2881,2.1757
2.1017,1.2881,2.4560
2.2373,1.2881,2.7732
2.3729,1.2881,3.1271
2.5085,1.2881,3.5178
2.6441,1.2881,3.9453
2.7797,1.2881,4.4095
2.9153,1.2881,4.9105
3.0508,1.2881,5.4483
3.1864,1.2881,6.0228
3.3220,1.2881,6.6342
3.4576,1.2881,7.2822
3.5932,1.2881,7.9671
3.7288,1.2881,8.6887
3.8644,1.2881,9.4471
4.0000,1.2881,10.2423
-4.0000,1.4237,26.7065
-3.8644,1.4237,25.3690
-3.7288,1.4237,24.0682
-3.5932,1.4237,22.8042
-3.4576,1.4237,21.5770
-3.3220,1.4237,20.3865
-3.1864,1.4237,19.2328
-3.0508,1.4237,18.1159
-2.9153,1.4237,17.0358
-2.7797,1.4237,15.9924
-2.6441,1.4237,14.9858
-2.5085,1.4237,14.0159
-2.3729,1.4237,13.0829
-2.2373,1.4237,12.1866
-2.1017,1.4237,11.3271
-1.9661,1.4237,10.5043
-1.8305,1.4237,9.7183
-1.6949,1.4237,8.9691
-1.5593,1.4237,8.2567
-1.4237,1.4237,7.5810
-1.2881,1.4237,6.9421
-1.1525,1.4237,6.3400
-1.0169,1.4237,5.7746
-0.8814,1.4237,5.2460
-0.7458,1.4237,4.7542
-0.6102,1.4237,4.2992
-0.4746,1.4237,3.8809
-0.3390,1.4237,3.4994
-0.2034,1.4237,3.1547
-0.0678,1.4237,2.8467
0.0678,1.4237,2.5756
0.2034,1.4237,2.3411
0.3390,1.4237,2.1435
0.4746,1.4237,1.9826
0.6102,1.4237,1.8585
0.7458,1.4237,1.7712
0.8814,1.4237,1.7206
1.0169,1.4237,1.7068
1.1525,1.4237,1.7298
1.2881,1.4237,1.7896
1.4237,1.4237,1.8861
1.5593,1.4237,2.0194
1.6949,1.4237,2.1895
1.8305,1.4237,2.3963
1.9661,1.4237,2.6399
2.1017,1.4237,2.9203
2.2373,1.4237,3.2374
2.3729,1.4237,3.5914
2.5085,1.4237,3.9820
2.6441,1.4237,4.4095
2.7797,1.4237,4.8737
2.9153,1.4237,5.3747
3.0508,1.4237,5.9125
3.1864,1.4237,6.4871
3.3220,1.4237,7.0984
3.4576,1.4237,7.7465
3.5932,1.4237,8.4313
3.7288,1.4237,9.1530
3.8644,1.4237,9.9114
4.0000,1.4237,10.7065
-4.0000,1.5593,27.2443
-3.8644,1.5593,25.9068
-3.7288,1.5593,24.6060
-3.5932,1.5593,23.3420
-3.4576,1.5593,22.1148
-3.3220,1.5593,20.9243
-3.1864,1.5593,19.7706
-3.0508,1.5593,18.6537
-2.9153,1.5593,17.5735
-2.7797,1.5593,16.5302
-2.6441,1.5593,15.5236
-2.5085,1.5593,14.5537
-2.3729,1.5593,13.6207
-2.2373,1.5593,12.7244
-2.1017,1.5593,11.8648
-1.9661,1.5593,11.0421
-1.8305,1.5593,10.2561
-1.6949,1.5593,9.5069
-1.5593,1.5593,8.7945
-1.4237,1.5593,8.1188
-1.2881,1.5593,7.4799
-1.1525,1.5593,6.8778
-1.0169,1.5593,6.3124
-0.8814,1.5593,5.7838
-0.7458,1.5593,5.2920
-0.6102,1.5593,4.8370
-0.4746,1.5593,4.4187
-0.3390,1.5593,4.0372
-0.2034,1.5593,3.6925
-0.0678,1.5593,3.3845
0.0678,1.5593,3.1133
0.2034,1.5593,2.8789
0.3390,1.5593,2.6813
0.4746,1.5593,2.5204
0.6102,1.5593,2.3963
0.7458,1.5593,2.3090
0.8814,1.5593,2.2584
1.0169,1.5593,2.2446
1.1525,1.5593,2.2676
1.2881,1.5593,2.3273
1.4237,1.5593,2.4239
1.5593,1.5593,2.5572
1.6949,1.5593,2.7272
1.8305,1.5593,2.9341
1.9661,1.5593,3.1777
2.1017,1.5593,3.4581
2.2373,1.5593,3.7752
2.3729,1.5593,4.1291
2.5085,1.5593,4.5198
2.6441,1.5593,4.9473
2.7797,1.5593,5.4115
2.9153,1.5593,5.9125
3.0508,1.5593,6.4503
3.1864,1.5593,7.0248
3.3220,1.5593,7.6362
3.4576,1.5593,8.2843
3.5932,1.5593,8.9691
3.7288,1.5593,9.6907
3.8644,1.5593,10.4492
4.0000,1.5593,11.2443
-4.0000,1.6949,27.8556
-3.8644,1.6949,26.5181
-3.7288,1.6949,25.2173
-3.5932,1.6949,23.9533
-3.4576,1.6949,22.7261
-3.3220,1.6949,21.5356
-3.1864,1.6949,20.3819
-3.0508,1.6949,19.2650
-2.9153,1.6949,18.1849
-2.7797,1.6949,17.1415
-2.6441,1.6949,16.1349
-2.5085,1.6949,15.1650
-2.3729,1.6949,14.2320
-2.2373,1.6949,13.3357
-2.1017,1.6949,12.4762
-1.9661,1.6949,11.6534
-1.8305,1.6949,10.8674
-1.6949,1.6949,10.1182
-1.5593,1.6949,9.4058
-1.4237,1.6949,8.7301
-1.2881,1.6949,8.0912
-1.1525,1.6949,7.4891
-1.0169,1.6949,6.9237
-0.8814,1.6949,6.3951
-0.7458,1.6949,5.9033
-0.6102,1.6949,5.4483
-0.4746,1.6949,5.0300
-0.3390,1.6949,4.6485
-0.2034,1.6949,4.3038
-0.0678,1.6949,3.9958
0.0678,1.6949,3.7246
0.2034,1.6949,3.4902
0.3390,1.6949,3.2926
0.4746,1.6949,3.1317
0.6102,1.6949,3.0076
0.7458,1.6949,2.9203
0.8814,1.6949,2.8697
1.0169,1.6949,2.8559
1.1525,1.6949,2.8789
1.2881,1.6949,2.9387
1.4237,1.6949,3.0352
1.5593,1.6949,3.1685
1.6949,1.6949,3.3386
1.8305,1.6949,3.5454
1.9661,1.6949,3.7890
2.1017,1.6949,4.0694
2.2373,1.6949,4.3865
2.3729,1.6949,4.7404
2.5085,1.6949,5.1311
2.6441,1.6949,5.5586
2.7797,1.6949,6.0228
2.9153,1.6949,6.5238
3.0508,1.6949,7.0616
3.1864,1.6949,7.6362
3.3220,1.6949,8.2475
3.4576,1.6949,8.8956
3.5932,1.6949,9.5804
3.7288,1.6949,10.3021
3.8644,1.6949,11.0605
4.0000,1.6949,11.8556
-4.0000,1.8305,28.5405
-3.8644,1.8305,27.2030
-3.7288,1.8305,25.9022
-3.5932,1.8305,24.6382
-3.4576,1.8305,23.4109
-3.3220,1.8305,22.2205
-3.1864,1.8305,21.0668
-3.0508,1.8305,19.9499
-2.9153,1.8305,18.8697
-2.7797,1.8305,17.8263
-2.6441,1.8305,16.8197
-2.5085,1.8305,15.8499
-2.3729,1.8305,14.9168
-2.2373,1.8305,14.0205
-2.1017,1.8305,13.1610
-1.9661,1.8305,12.3383
-1.8305,1.8305,11.5523
-1.6949,1.8305,10.8031
-1.5593,1.8305,10.0906
-1.4237,1.8305,9.4150
-1.2881,1.8305,8.7761
-1.1525,1.8305,8.1739
-1.0169,1.8305,7.6086
-0.8814,1.8305,7.0800
-0.7458,1.8305,6.5882
-0.6102,1.8305,6.1332
-0.4746,1.8305,5.7149
-0.3390,1.8305,5.3334
-0.2034,1.8305,4.9887
-0.0678,1.8305,4.6807
0.0678,1.8305,4.4095
0.2034,1.8305,4.1751
0.3390,1.8305,3.9774
0.4746,1.8305,3.8166
0.6102,1.8305,3.6925
0.7458,1.8305,3.6051
0.8814,1.8305,3.5546
1.0169,1.8305,3.5408
1.1525,1.8305,3.5638
1.2881,1.8305,3.6235
1.4237,1.8305,3.7201
1.5593,1.8305,3.8533
1.6949,1.8305,4.0234
1.8305,1.8305,4.2302
1.9661,1.8305,4.4739
2.1017,1.8305,4.7542
2.2373,1.8305,5.0714
2.3729,1.8305,5.4253
2.5085,1.8305,5.8160
2.6441,1.8305,6.2435
2.7797,1.8305,6.7077
2.9153,1.8305,7.2087
3.0508,1.8305,7.7465
3.1864,1.8305,8.3210
3.3220,1.8305,8.9323
3.4576,1.8305,9.5804
3.5932,1.8305,10.2653
3.7288,1.8305,10.9869
3.8644,1.8305,11.7453
4.0000,1.8305,12.5405
-4.0000,1.9661,29.2989
-3.8644,1.9661,27.9614
-3.7288,1.9661,26.6606
-3.5932,1.9661,25.3966
-3.4576,1.9661,24.1693
-3.3220,1.9661,22.9789
-3.1864,1.9661,21.8252
-3.0508,1.9661,20.7083
-2.9153,1.9661,19.6281
-2.7797,1.9661,18.5847
-2.6441,1.9661,17.5781
-2.5085,1.9661,16.6083
-2.3729,1.9661,15.6752
-2.2373,1.9661,14.7789
-2.1017,1.9661,13.9194
-1.9661,1.9661,13.0967
-1.8305,1.9661,12.3107
-1.6949,1.9661,11.5615
-1.5593,1.9661,10.8490
-1.4237,1.9661,10.1734
-1.2881,1.9661,9.5345
-1.1525,1.9661,8.9323
-1.0169,1.9661,8.3670
-0.8814,1.9661,7.8384
-0.7458,1.9661,7.3466
-0.6102,1.9661,6.8916
-0.4746,1.9661,6.4733
-0.3390,1.9661,6.0918
-0.2034,1.9661,5.7471
-0.0678,1.9661,5.4391
0.0678,1.9661,5.1679
0.2034,1.9661,4.9335
0.3390,1.9661,4.7359
0.4746,1.9661,4.5750
0.6102,1.9661,4.4509
0.7458,1.9661,4.3635
0.8814,1.9661,4.3130
1.0169,1.9661,4.2992
1.1525,1.9661,4.3222
1.2881,1.9661,4.3819
1.4237,1.9661,4.4785
1.5593,1.9661,4.6117
1.6949,1.9661,4.7818
1.8305,1.9661,4.9887
1.9661,1.9661,5.2323
2.1017,1.9661,5.5126
2.2373,1.9661,5.8298
2.3729,1.9661,6.1837
2.5085,1.9661,6.5744
2.6441,1.9661,7.0019
2.7797,1.9661,7.4661
2.9153,1.9661,7.9671
3.0508,1.9661,8.5049
3.1864,1.9661,9.0794
3.3220,1.9661,9.6907
3.4576,1.9661,10.3388
3.5932,1.9661,11.0237
3.7288,1.9661,11.7453
3.8644,1.9661,12.5037
4.0000,1.9661,13.2989
-4.0000,2.1017,30.1309
-3.8644,2.1017,28.7933
-3.7288,2.1017,27.4925
-3.5932,2.1017,26.2285
-3.4576,2.1017,25.0013
-3.3220,2.1017,23.8108
-3.1864,2.1017,22.6571
-3.0508,2.1017,21.5402
-2.9153,2.1017,20.4601
-2.7797,2.1017,19.4167
-2.6441,2.1017,18.4101
-2.5085,2.1017,17.4402
-2.3729,2.1017,16.5072
-2.2373,2.1017,15.6109
-2.1017,2.1017,14.7514
-1.9661,2.1017,13.9286
-1.8305,2.1017,13.1426
-1.6949,2.1017,12.3934
-1.5593,2.1017,11.6810
-1.4237,2.1017,11.0053
-1.2881,2.1017,10.3664
-1.1525,2.1017,9.7643
-1.0169,2.1017,9.1989
-0.8814,2.1017,8.6704
-0.7458,2.1017,8.1785
-0.6102,2.1017,7.7235
-0.4746,2.1017,7.3052
-0.3390,2.1017,6.9237
-0.2034,2.1017,6.5790
-0.0678,2.1017,6.2710
0.0678,2.1017,5.9999
0.2034,2.1017,5.7654
0.3390,2.1017,5.5678
0.4746,2.1017,5.4069
0.6102,2.1017,5.2828
0.7458,2.1017,5.1955
0.8814,2.1017,5.1449
1.0169,2.1017,5.1311
1.1525,2.1017,5.1541
1.2881,2.1017,5.2139
1.4237,2.1017,5.3104
1.5593,2.1017,5.4437
1.6949,2.1017,5.6138
1.8305,2.1017,5.8206
1.9661,2.1017,6.0642
2.1017,2.1017,6.3446
2.2373,2.1017,6.6617
2.3729,2.1017,7.0157
2.5085,2.1017,7.4063
2.6441,2.1017,7.8338
2.7797,2.1017,8.2980
2.9153,2.1017,8.7991
3.0508,2.1017,9.3368
3.1864,2.1017,9.9114
3.3220,2.1017,10.5227
3.4576,2.1017,11.1708
3.5932,2.1017,11.8556
3.7288,2.1017,12.5773
3.8644,2.1017,13.3357
4.0000,2.1017,14.1309
-4.0000,2.2373,31.0363
-3.8644,2.2373,29.6988
-3.7288,2.2373,28.3980
-3.5932,2.2373,27.1340
-3.4576,2.2373,25.9068
-3.3220,2.2373,24.7163
-3.1864,2.2373,23.5626
-3.0508,2.2373,22.4457
-2.9153,2.2373,21.3656
-2.7797,2.2373,20.3222
-2.6441,2.2373,19.3156
-2.5085,2.2373,18.3457
-2.3729,2.2373,17.4127
-2.2373,2.2373,16.5164
-2.1017,2.2373,15.6569
-1.9661,2.2373,14.8341
-1.8305,2.2373,14.0481
-1.6949,2.2373,13.2989
-1.5593,2.2373,12.5865
-1.4237,2.2373,11.9108
-1.2881,2.2373,11.2719
-1.1525,2.2373,10.6698
-1.0169,2.2373,10.1044
-0.8814,2.2373,9.5758
-0.7458,2.2373,9.0840
-0.6102,2.2373,8.6290
-0.4746,2.2373,8.2107
-0.3390,2.2373,7.8292
-0.2034,2.2373,7.4845
-0.0678,2.2373,7.1765
0.0678,2.2373,6.9053
0.2034,2.2373,6.6709
0.3390,2.2373,6.4733
0.4746,2.2373,6.3124
0.6102,2.2373,6.1883
0.7458,2.2373,6.1010
0.8814,2.2373,6.0504
1.0169,2.2373,6.0366
1.1525,2.2373,6.0596
1.2881,2.2373,6.1194
1.4237,2.2373,6.2159
1.5593,2.2373,6.3492
1.6949,2.2373,6.5192
1.8305,2.2373,6.7261
1.9661,2.2373,6.9697
2.1017,2.2373,7.2501
2.2373,2.2373,7.5672
2.3729,2.2373,7.9211
2.5085,2.2373,8.3118
2.6441,2.2373,8.7393
2.7797,2.2373,9.2035
2.9153,2.2373,9.7045
3.0508,2.2373,10.2423
3.1864,2.2373,10.8169
3.3220,2.2373,11.4282
3.4576,2.2373,12.0763
3.5932,2.2373,12.7611
3.7288,2.2373,13.4828
3.8644,2.2373,14.2412
4.0000,2.2373,15.0363
-4.0000,2.3729,32.0154
-3.8644,2.3729,30.6778
-3.7288,2.3729,29.3770
-3.5932,2.3729,28.1130
-3.4576,2.3729,26.8858
-3.3220,2.3729,25.6953
-3.1864,2.3729,24.5417
-3.0508,2.3729,23.4247
-2.9153,2.3729,22.3446
-2.7797,2.3729,21.3012
-2.6441,2.3729,20.2946
-2.5085,2.3729,19.3248
-2.3729,2.3729,18.3917
-2.2373,2.3729,17.4954
-2.1017,2.3729,16.6359
-1.9661,2.3729,15.8131
-1.8305,2.3729,15.0271
-1.6949,2.3729,14.2779
-1.5593,2.3729,13.5655
-1.4237,2.3729,12.8898
-1.2881,2.3729,12.2509
-1.1525,2.3729,11.6488
-1.0169,2.3729,11.0835
-0.8814,2.3729,10.5549
-0.7458,2.3729,10.0631
-0.6102,2.3729,9.6080
-0.4746,2.3729,9.1897
-0.3390,2.3729,8.8082
-0.2034,2.3729,8.4635
-0.0678,2.3729,8.1556
0.0678,2.3729,7.8844
0.2034,2.3729,7.6500
0.3390,2.3729,7.4523
0.4746,2.3729,7.2914
0.6102,2.3729,7.1673
0.7458,2.3729,7.0800
0.8814,2.3729,7.0294
1.0169,2.3729,7.0157
1.1525,2.3729,7.0386
1.2881,2.3729,7.0984
1.4237,2.3729,7.1949
1.5593,2.3729,7.3282
1.6949,2.3729,7.4983
1.8305,2.3729,7.7051
1.9661,2.3729,7.9487
2.1017,2.3729,8.2291
2.2373,2.3729,8.5463
2.3729,2.3729,8.9002
2.5085,2.3729,9.2909
2.6441,2.3729,9.7183
2.7797,2.3729,10.1826
2.9153,2.3729,10.6836
3.0508,2.3729,11.2213
3.1864,2.3729,11.7959
3.3220,2.3729,12.4072
3.4576,2.3729,13.0553
3.5932,2.3729,13.7402
3.7288,2.3729,14.4618
3.8644,2.3729,15.2202
4.0000,2.3729,16.0154
-4.0000,2.5085,33.0679
-3.8644,2.5085,31.7304
-3.7288,2.5085,30.4296
-3.5932,2.5085,29.1656
-3.4576,2.5085,27.9384
-3.3220,2.5085,26.7479
-3.1864,2.5085,25.5942
-3.0508,2.5085,24.4773
-2.9153,2.5085,23.3972
-2.7797,2.5085,22.3538
-2.6441,2.5085,21.3472
-2.5085,2.5085,20.3773
-2.3729,2.5085,19.4443
-2.2373,2.5085,18.5480
-2.1017,2.5085,17.6885
-1.9661,2.5085,16.8657
-1.8305,2.5085,16.0797
-1.6949,2.5085,15.3305
-1.5593,2.5085,14.6181
-1.4237,2.5085,13.9424
-1.2881,2.5085,13.3035
-1.1525,2.5085,12.7014
-1.0169,2.5085,12.1360
-0.8814,2.5085,11.6074
-0.7458,2.5085,11.1156
-0.6102,2.5085,10.6606
-0.4746,2.5085,10.2423
-0.3390,2.5085,9.8608
-0.2034,2.5085,9.5161
-0.0678,2.5085,9.2081
0.0678,2.5085,8.9369
0.2034,2.5085,8.7025
0.3390,2.5085,8.5049
0.4746,2.5085,8.3440
0.6102,2.5085,8.2199
0.7458,2.5085,8.1326
0.8814,2.5085,8.0820
1.0169,2.5085,8.0682
1.1525,2.5085,8.0912
1.2881,2.5085,8.1510
1.4237,2.5085,8.2475
1.5593,2.5085,8.3808
1.6949,2.5085,8.5508
1.8305,2.5085,8.7577
1.9661,2.5085,9.0013
2.1017,2.5085,9.2817
2.2373,2.5085,9.5988
2.3729,2.5085,9.9527
2.5085,2.5085,10.3434
2.6441,2.5085,10.7709
2.7797,2.5085,11.2351
2.9153,2.5085,11.7361
3.0508,2.5085,12.2739
3.1864,2.5085,12.8485
3.3220,2.5085,13.4598
3.4576,2.5085,14.1079
3.5932,2.5085,14.7927
3.7288,2.5085,15.5144
3.8644,2.5085,16.2728
4.0000,2.5085,17.0679
-4.0000,2.6441,34.1941
-3.8644,2.6441,32.8565
-3.7288,2.6441,31.5557
-3.5932,2.6441,30.2917
-3.4576,2.6441,29.0645
-3.3220,2.6441,27.8740
-3.1864,2.6441,26.7203
-3.0508,2.6441,25.6034
-2.9153,2.6441,24.5233
-2.7797,2.6441,23.4799
-2.6441,2.6441,22.4733
-2.5085,2.6441,21.5034
-2.3729,2.6441,20.5704
-2.2373,2.6441,19.6741
-2.1017,2.6441,18.8146
-1.9661,2.6441,17.9918
-1.8305,2.6441,17.2058
-1.6949,2.6441,16.4566
-1.5593,2.6441,15.7442
-1.4237,2.6441,15.0685
-1.2881,2.6441,14.4296
-1.1525,2.6441,13.8275
-1.0169,2.6441,13.2621
-0.8814,2.6441,12.7336
-0.7458,2.6441,12.2417
-0.6102,2.6441,11.7867
-0.4746,2.6441,11.3684
-0.3390,2.6441,10.9869
-0.2034,2.6441,10.6422
-0.0678,2.6441,10.3342
0.0678,2.6441,10.0631
0.2034,2.6441,9.8286
0.3390,2.6441,9.6310
0.4746,2.6441,9.4701
0.6102,2.6441,9.3460
0.7458,2.6441,9.2587
0.8814,2.6441,9.2081
1.0169,2.6441,9.1943
1.1525,2.6441,9.2173
1.2881,2.6441,9.2771
1.4237,2.6441,9.3736
1.5593,2.6441,9.5069
1.6949,2.6441,9.6770
1.8305,2.6441,9.8838
1.9661,2.6441,10.1274
2.1017,2.6441,10.4078
2.2373,2.6441,10.7249
2.3729,2.6441,11.0789
2.5085,2.6441,11.4695
2.6441,2.6441,11.8970
2.7797,2.6441,12.3612
2.9153,2.6441,12.8623
3.0508,2.6441,13.4000
3.1864,2.6441,13.9746
3.3220,2.6441,14.5859
3.4576,2.6441,15.2340
3.5932,2.6441,15.9188
3.7288,2.6441,16.6405
3.8644,2.6441,17.3989
4.0000,2.6441,18.1941
-4.0000,2.7797,35.3937
-3.8644,2.7797,34.0562
-3.7288,2.7797,32.7554
-3.5932,2.7797,31.4914
-3.4576,2.7797,30.2641
-3.3220,2.7797,29.0737
-3.1864,2.7797,27.9200
-3.0508,2.7797,26.8031
-2.9153,2.7797,25.7229
-2.7797,2.7797,24.6795
-2.6441,2.7797,23.6729
-2.5085,2.7797,22.7031
-2.3729,2.7797,21.7700
-2.2373,2.7797,20.8737
-2.1017,2.7797,20.0142
-1.9661,2.7797,19.1915
-1.8305,2.7797,18.4055
-1.6949,2.7797,17.6563
-1.5593,2.7797,16.9438
-1.4237,2.7797,16.2682
-1.2881,2.7797,15.6293
-1.1525,2.7797,15.0271
-1.0169,2.7797,14.4618
-0.8814,2.7797,13.9332
-0.7458,2.7797,13.4414
-0.6102,2.7797,12.9864
-0.4746,2.7797,12.5681
-0.3390,2.7797,12.1866
-0.2034,2.7797,11.8419
-0.0678,2.7797,11.5339
0.0678,2.7797,11.2627
0.2034,2.7797,11.0283
0.3390,2.7797,10.8307
0.4746,2.7797,10.6698
0.6102,2.7797,10.5457
0.7458,2.7797,10.4583
0.8814,2.7797,10.4078
1.0169,2.7797,10.3940
1.1525,2.7797,10.4170
1.2881,2.7797,10.4767
1.4237,2.7797,10.5733
1.5593,2.7797,10.7065
1.6949,2.7797,10.8766
1.8305,2.7797,11.0835
1.9661,2.7797,11.3271
2.1017,2.7797,11.6074
2.2373,2.7797,11.9246
2.3729,2.7797,12.2785
2.5085,2.7797,12.6692
2.6441,2.7797,13.0967
2.7797,2.7797,13.5609
2.9153,2.7797,14.0619
3.0508,2.7797,14.5997
3.1864,2.7797,15.1742
3.3220,2.7797,15.7856
3.4576,2.7797,16.4336
3.5932,2.7797,17.1185
3.7288,2.7797,17.8401
3.8644,2.7797,18.5985
4.0000,2.7797,19.3937
-4.0000,2.9153,36.6669
-3.8644,2.9153,35.3294
-3.7288,2.9153,34.0286
-3.5932,2.9153,32.7646
-3.4576,2.9153,31.5373
-3.3220,2.9153,30.3469
-3.1864,2.9153,29.1932
-3.0508,2.9153,28.0763
-2.9153,2.9153,26.9961
-2.7797,2.9153,25.9527
-2.6441,2.9153,24.9461
-2.5085,2.9153,23.9763
-2.3729,2.9153,23.0432
-2.2373,2.9153,22.1469
-2.1017,2.9153,21.2874
-1.9661,2.9153,20.4647
-1.8305,2.9153,19.6787
-1.6949,2.9153,18.9295
-1.5593,2.9153,18.2170
-1.4237,2.9153,17.5414
-1.2881,2.9153,16.9025
-1.1525,2.9153,16.3003
-1.0169,2.9153,15.7350
-0.8814,2.9153,15.2064
-0.7458,2.9153,14.7146
-0.6102,2.9153,14.2596
-0.4746,2.9153,13.8413
-0.3390,2.9153,13.4598
-0.2034,2.9153,13.1151
-0.0678,2.9153,12.8071
0.0678,2.9153,12.5359
0.2034,2.9153,12.3015
0.3390,2.9153,12.1038
0.4746,2.9153,11.9430
0.6102,2.9153,11.8189
0.7458,2.9153,11.7315
0.8814,2.9153,11.6810
1.0169,2.9153,11.6672
1.1525,2.9153,11.6902
1.2881,2.9153,11.7499
1.4237,2.9153,11.8465
1.5593,2.9153,11.9797
1.6949,2.9153,12.1498
1.8305,2.9153,12.3567
1.9661,2.9153,12.6003
2.1017,2.9153,12.8806
2.2373,2.9153,13.1978
2.3729,2.9153,13.5517
2.5085,2.9153,13.9424
2.6441,2.9153,14.3699
2.7797,2.9153,14.8341
2.9153,2.9153,15.3351
3.0508,2.9153,15.8729
3.1864,2.9153,16.4474
3.3220,2.9153,17.0587
3.4576,2.9153,17.7068
3.5932,2.9153,18.3917
3.7288,2.9153,19.1133
3.8644,2.9153,19.8717
4.0000,2.9153,20.6669
-4.0000,3.0508,38.0136
-3.8644,3.0508,36.6761
-3.7288,3.0508,35.3753
-3.5932,3.0508,34.1113
-3.4576,3.0508,32.8841
-3.3220,3.0508,31.6936
-3.1864,3.0508,30.5399
-3.0508,3.0508,29.4230
-2.9153,3.0508,28.3429
-2.7797,3.0508,27.2995
-2.6441,3.0508,26.2929
-2.5085,3.0508,25.3230
-2.3729,3.0508,24.3900
-2.2373,3.0508,23.4937
-2.1017,3.0508,22.6342
-1.9661,3.0508,21.8114
-1.8305,3.0508,21.0254
-1.6949,3.0508,20.2762
-1.5593,3.0508,19.5638
-1.4237,3.0508,18.8881
-1.2881,3.0508,18.2492
-1.1525,3.0508,17.6471
-1.0169,3.0508,17.0817
-0.8814,3.0508,16.5531
-0.7458,3.0508,16.0613
-0.6102,3.0508,15.6063
-0.4746,3.0508,15.1880
-0.3390,3.0508,14.8065
-0.2034,3.0508,14.4618
-0.0678,3.0508,14.1538
0.0678,3.0508,13.8826
0.2034,3.0508,13.6482
0.3390,3.0508,13.4506
0.4746,3.0508,13.2897
0.6102,3.0508,13.1656
0.7458,3.0508,13.0783
0.8814,3.0508,13.0277
1.0169,3.0508,13.0139
1.1525,3.0508,13.0369
1.2881,3.0508,13.0967
1.4237,3.0508,13.1932
1.5593,3.0508,13.3265
1.6949,3.0508,13.4966
1.8305,3.0508,13.7034
1.9661,3.0508,13.9470
2.1017,3.0508,14.2274
2.2373,3.0508,14.5445
2.3729,3.0508,14.8984
2.5085,3.0508,15.2891
2.6441,3.0508,15.7166
2.7797,3.0508,16.1808
2.9153,3.0508,16.6818
3.0508,3.0508,17.2196
3.1864,3.0508,17.7942
3.3220,3.0508,18.4055
3.4576,3.0508,19.0536
3.5932,3.0508,19.7384
3.7288,3.0508,20.4601
3.8644,3.0508,21.2185
4.0000,3.0508,22.0136
-4.0000,3.1864,39.4339
-3.8644,3.1864,38.0964
-3.7288,3.1864,36.7956
-3.5932,3.1864,35.5316
-3.4576,3.1864,34.3044
-3.3220,3.1864,33.1139
-3.1864,3.1864,31.9602
-3.0508,3.1864,30.8433
-2.9153,3.1864,29.7631
-2.7797,3.1864,28.7198
-2.6441,3.1864,27.7132
-2.5085,3.1864,26.7433
-2.3729,3.1864,25.8103
-2.2373,3.1864,24.9140
-2.1017,3.1864,24.0544
-1.9661,3.1864,23.2317
-1.8305,3.1864,22.4457
-1.6949,3.1864,21.6965
-1.5593,3.1864,20.9841
-1.4237,3.1864,20.3084
-1.2881,3.1864,19.6695
-1.1525,3.1864,19.0674
-1.0169,3.1864,18.5020
-0.8814,3.1864,17.9734
-0.7458,3.1864,17.4816
-0.6102,3.1864,17.0266
-0.4746,3.1864,16.6083
-0.3390,3.1864,16.2268
-0.2034,3.1864,15.8821
-0.0678,3.1864,15.5741
0.0678,3.1864,15.3029
0.2034,3.1864,15.0685
0.3390,3.1864,14.8709
0.4746,3.1864,14.7100
0.6102,3.1864,14.5859
0.7458,3.1864,14.4986
0.8814,3.1864,14.4480
1.0169,3.1864,14.4342
1.1525,3.1864,14.4572
1.2881,3.1864,14.5169
1.4237,3.1864,14.6135
1.5593,3.1864,14.7468
1.6949,3.1864,14.9168
1.8305,3.1864,15.1237
1.9661,3.1864,15.3673
2.1017,3.1864,15.6477
2.2373,3.1864,15.9648
2.3729,3.1864,16.3187
2.5085,3.1864,16.7094
2.6441,3.1864,17.1369
2.7797,3.1864,17.6011
2.9153,3.1864,18.1021
3.0508,3.1864,18.6399
3.1864,3.1864,19.2144
3.3220,3.1864,19.8258
3.4576,3.1864,20.4739
3.5932,3.1864,21.1587
3.7288,3.1864,21.8804
3.8644,3.1864,22.6388
4.0000,3.1864,23.4339
-4.0000,3.3220,40.9278
-3.8644,3.3220,39.5902
-3.7288,3.3220,38.2894
-3.5932,3.3220,37.0254
-3.4576,3.3220,35.7982
-3.3220,3.3220,34.6077
-3.1864,3.3220,33.4540
-3.0508,3.3220,32.3371
-2.9153,3.3220,31.2570
-2.7797,3.3220,30.2136
-2.6441,3.3220,29.2070
-2.5085,3.3220,28.2371
-2.3729,3.3220,27.3041
-2.2373,3.3220,26.4078
-2.1017,3.3220,25.5483
-1.9661,3.3220,24.7255
-1.8305,3.3220,23.9395
-1.6949,3.3220,23.1903
-1.5593,3.3220,22.4779
-1.4237,3.3220,21.8022
-1.2881,3.3220,21.1633
-1.1525,3.3220,20.5612
-1.0169,3.3220,19.9958
-0.8814,3.3220,19.4673
-0.7458,3.3220,18.9754
-0.6102,3.3220,18.5204
-0.4746,3.3220,18.1021
-0.3390,3.3220,17.7206
-0.2034,3.3220,17.3759
-0.0678,3.3220,17.0679
0.0678,3.3220,16.7968
0.2034,3.3220,16.5623
0.3390,3.3220,16.3647
0.4746,3.3220,16.2038
0.6102,3.3220,16.0797
0.7458,3.3220,15.9924
0.8814,3.3220,15.9418
1.0169,3.3220,15.9280
1.1525,3.3220,15.9510
1.2881,3.3220,16.0108
1.4237,3.3220,16.1073
1.5593,3.3220,16.2406
1.6949,3.3220,16.4107
1.8305,3.3220,16.6175
1.9661,3.3220,16.8611
2.1017,3.3220,17.1415
2.2373,3.3220,17.4586
2.3729,3.3220,17.8126
2.5085,3.3220,18.2032
2.6441,3.3220,18.6307
2.7797,3.3220,19.0949
2.9153,3.3220,19.5959
3.0508,3.3220,20.1337
3.1864,3.3220,20.7083
3.3220,3.3220,21.3196
3.4576,3.3220,21.9677
3.5932,3.3220,22.6525
3.7288,3.3220,23.3742
3.8644,3.3220,24.1326
4.0000,3.3220,24.9278
-4.0000,3.4576,42.4951
-3.8644,3.4576,41.1576
-3.7288,3.4576,39.8568
-3.5932,3.4576,38.5928
-3.4576,3.4576,37.3656
-3.3220,3.4576,36.1751
-3.1864,3.4576,35.0214
-3.0508,3.4576,33.9045
-2.9153,3.4576,32.8243
-2.7797,3.4576,31.7810
-2.6441,3.4576,30.7743
-2.5085,3.4576,29.8045
-2.3729,3.4576,28.8714
-2.2373,3.4576,27.9752
-2.1017,3.4576,27.1156
-1.9661,3.4576,26.2929
-1.8305,3.4576,25.5069
-1.6949,3.4576,24.7577
-1.5593,3.4576,24.0452
-1.4237,3.4576,23.3696
-1.2881,3.4576,22.7307
-1.1525,3.4576,22.1286
-1.0169,3.4576,21.5632
-0.8814,3.4576,21.0346
-0.7458,3.4576,20.5428
-0.6102,3.4576,20.0878
-0.4746,3.4576,19.6695
-0.3390,3.4576,19.2880
-0.2034,3.4576,18.9433
-0.0678,3.4576,18.6353
0.0678,3.4576,18.3641
0.2034,3.4576,18.1297
0.3390,3.4576,17.9321
0.4746,3.4576,17.7712
0.6102,3.4576,17.6471
0.7458,3.4576,17.5598
0.8814,3.4576,17.5092
1.0169,3.4576,17.4954
1.1525,3.4576,17.5184
1.2881,3.4576,17.5781
1.4237,3.4576,17.6747
1.5593,3.4576,17.8080
1.6949,3.4576,17.9780
1.8305,3.4576,18.1849
1.9661,3.4576,18.4285
2.1017,3.4576,18.7088
2.2373,3.4576,19.0260
2.3729,3.4576,19.3799
2.5085,3.4576,19.7706
2.6441,3.4576,20.1981
2.7797,3.4576,20.6623
2.9153,3.4576,21.1633
3.0508,3.4576,21.7011
3.1864,3.4576,22.2756
3.3220,3.4576,22.8870
3.4576,3.4576,23.5350
3.5932,3.4576,24.2199
3.7288,3.4576,24.9415
3.8644,3.4576,25.6999
4.0000,3.4576,26.4951
-4.0000,3.5932,44.1360
-3.8644,3.5932,42.7985
-3.7288,3.5932,41.4977
-3.5932,3.5932,40.2337
-3.4576,3.5932,39.0065
-3.3220,3.5932,37.8160
-3.1864,3.5932,36.6623
-3.0508,3.5932,35.5454
-2.9153,3.5932,34.4652
-2.7797,3.5932,33.4219
-2.6441,3.5932,32.4153
-2.5085,3.5932,31.4454
-2.3729,3.5932,30.5124
-2.2373,3.5932,29.6161
-2.1017,3.5932,28.7565
-1.9661,3.5932,27.9338
-1.8305,3.5932,27.1478
-1.6949,3.5932,26.3986
-1.5593,3.5932,25.6862
-1.4237,3.5932,25.0105
-1.2881,3.5932,24.3716
-1.1525,3.5932,23.7695
-1.0169,3.5932,23.2041
-0.8814,3.5932,22.6755
-0.7458,3.5932,22.1837
-0.6102,3.5932,21.7287
-0.4746,3.5932,21.3104
-0.3390,3.5932,20.9289
-0.2034,3.5932,20.5842
-0.0678,3.5932,20.2762
0.0678,3.5932,20.0050
0.2034,3.5932,19.7706
0.3390,3.5932,19.5730
0.4746,3.5932,19.4121
0.6102,3.5932,19.2880
0.7458,3.5932,19.2007
0.8814,3.5932,19.1501
1.0169,3.5932,19.1363
1.1525,3.5932,19.1593
1.2881,3.5932,19.2190
1.4237,3.5932,19.3156
1.5593,3.5932,19.4489
1.6949,3.5932,19.6189
1.8305,3.5932,19.8258
1.9661,3.5932,20.0694
2.1017,3.5932,20.3498
2.2373,3.5932,20.6669
2.3729,3.5932,21.0208
2.5085,3.5932,21.4115
2.6441,3.5932,21.8390
2.7797,3.5932,22.3032
2.9153,3.5932,22.8042
3.0508,3.5932,23.3420
3.1864,3.5932,23.9165
3.3220,3.5932,24.5279
3.4576,3.5932,25.1760
3.5932,3.5932,25.8608
3.7288,3.5932,26.5824
3.8644,3.5932,27.3409
4.0000,3.5932,28.1360
-4.0000,3.7288,45.8505
-3.8644,3.7288,44.5129
-3.7288,3.7288,43.2122
-3.5932,3.7288,41.9481
-3.4576,3.7288,40.7209
-3.3220,3.7288,39.5305
-3.1864,3.7288,38.3768
-3.0508,3.7288,37.2598
-2.9153,3.7288,36.1797
-2.7797,3.7288,35.1363
-2.6441,3.7288,34.1297
-2.5085,3.7288,33.1599
-2.3729,3.7288,32.2268
-2.2373,3.7288,31.3305
-2.1017,3.7288,30.4710
-1.9661,3.7288,29.6482
-1.8305,3.7288,28.8623
-1.6949,3.7288,28.1130
-1.5593,3.7288,27.4006
-1.4237,3.7288,26.7249
-1.2881,3.7288,26.0860
-1.1525,3.7288,25.4839
-1.0169,3.7288,24.9186
-0.8814,3.7288,24.3900
-0.7458,3.7288,23.8982
-0.6102,3.7288,23.4431
-0.4746,3.7288,23.0248
-0.3390,3.7288,22.6433
-0.2034,3.7288,22.2986
-0.0678,3.7288,21.9907
0.0678,3.7288,21.7195
0.2034,3.7288,21.4851
0.3390,3.7288,21.2874
0.4746,3.7288,21.1265
0.6102,3.7288,21.0024
0.7458,3.7288,20.9151
0.8814,3.7288,20.8646
1.0169,3.7288,20.8508
1.1525,3.7288,20.8737
1.2881,3.7288,20.9335
1.4237,3.7288,21.0300
1.5593,3.7288,21.1633
1.6949,3.7288,21.3334
1.8305,3.7288,21.5402
1.9661,3.7288,21.7838
2.1017,3.7288,22.0642
2.2373,3.7288,22.3814
2.3729,3.7288,22.7353
2.5085,3.7288,23.1260
2.6441,3.7288,23.5534
2.7797,3.7288,24.0177
2.9153,3.7288,24.5187
3.0508,3.7288,25.0564
3.1864,3.7288,25.6310
3.3220,3.7288,26.2423
3.4576,3.7288,26.8904
3.5932,3.7288,27.5753
3.7288,3.7288,28.2969
3.8644,3.7288,29.0553
4.0000,3.7288,29.8505
-4.0000,3.8644,47.6385
-3.8644,3.8644,46.3009
-3.7288,3.8644,45.0001
-3.5932,3.8644,43.7361
-3.4576,3.8644,42.5089
-3.3220,3.8644,41.3184
-3.1864,3.8644,40.1648
-3.0508,3.8644,39.0478
-2.9153,3.8644,37.9677
-2.7797,3.8644,36.9243
-2.6441,3.8644,35.9177
-2.5085,3.8644,34.9479
-2.3729,3.8644,34.0148
-2.2373,3.8644,33.1185
-2.1017,3.8644,32.2590
-1.9661,3.8644,31.4362
-1.8305,3.8644,30.6502
-1.6949,3.8644,29.9010
-1.5593,3.8644,29.1886
-1.4237,3.8644,28.5129
-1.2881,3.8644,27.8740
-1.1525,3.8644,27.2719
-1.0169,3.8644,26.7065
-0.8814,3.8644,26.1780
-0.7458,3.8644,25.6862
-0.6102,3.8644,25.2311
-0.4746,3.8644,24.8128
-0.3390,3.8644,24.4313
-0.2034,3.8644,24.0866
-0.0678,3.8644,23.7787
0.0678,3.8644,23.5075
0.2034,3.8644,23.2731
0.3390,3.8644,23.0754
0.4746,3.8644,22.9145
0.6102,3.8644,22.7904
0.7458,3.8644,22.7031
0.8814,3.8644,22.6525
1.0169,3.8644,22.6388
1.1525,3.8644,22.6617
1.2881,3.8644,22.7215
1.4237,3.8644,22.8180
1.5593,3.8644,22.9513
1.6949,3.8644,23.1214
1.8305,3.8644,23.3282
1.9661,3.8644,23.5718
2.1017,3.8644,23.8522
2.2373,3.8644,24.1693
2.3729,3.8644,24.5233
2.5085,3.8644,24.9140
2.6441,3.8644,25.3414
2.7797,3.8644,25.8057
2.9153,3.8644,26.3067
3.0508,3.8644,26.8444
3.1864,3.8644,27.4190
3.3220,3.8644,28.0303
3.4576,3.8644,28.6784
3.5932,3.8644,29.3633
3.7288,3.8644,30.0849
3.8644,3.8644,30.8433
4.0000,3.8644,31.6385
-4.0000,4.0000,49.5000
-3.8644,4.0000,48.1625
-3.7288,4.0000,46.8617
-3.5932,4.0000,45.5977
-3.4576,4.0000,44.3704
-3.3220,4.0000,43.1800
-3.1864,4.0000,42.0263
-3.0508,4.0000,40.9094
-2.9153,4.0000,39.8292
-2.7797,4.0000,38.7858
-2.6441,4.0000,37.7792
-2.5085,4.0000,36.8094
-2.3729,4.0000,35.8763
-2.2373,4.0000,34.9800
-2.1017,4.0000,34.1205
-1.9661,4.0000,33.2978
-1.8305,4.0000,32.5118
-1.6949,4.0000,31.7626
-1.5593,4.0000,31.0501
-1.4237,4.0000,30.3745
-1.2881,4.0000,29.7356
-1.1525,4.0000,29.1334
-1.0169,4.0000,28.5681
-0.8814,4.0000,28.0395
-0.7458,4.0000,27.5477
-0.6102,4.0000,27.0926
-0.4746,4.0000,26.6744
-0.3390,4.0000,26.2929
-0.2034,4.0000,25.9481
-0.0678,4.0000,25.6402
0.0678,4.0000,25.3690
0.2034,4.0000,25.1346
0.3390,4.0000,24.9369
0.4746,4.0000,24.7761
0.6102,4.0000,24.6520
0.7458,4.0000,24.5646
0.8814,4.0000,24.5141
1.0169,4.0000,24.5003
1.1525,4.0000,24.5233
1.2881,4.0000,24.5830
1.4237,4.0000,24.6795
1.5593,4.0000,24.8128
1.6949,4.0000,24.9829
1.8305,4.0000,25.1897
1.9661,4.0000,25.4334
2.1017,4.0000,25.7137
2.2373,4.0000,26.0309
2.3729,4.0000,26.3848
2.5085,4.0000,26.7755
2.6441,4.0000,27.2030
2.7797,4.0000,27.6672
2.9153,4.0000,28.1682
3.0508,4.0000,28.7060
3.1864,4.0000,29.2805
3.3220,4.0000,29.8918
3.4576,4.0000,30.5399
3.5932,4.0000,31.2248
3.7288,4.0000,31.9464
3.8644,4.0000,32.7048
4.0000,4.0000,33.5000